SL No:,Customer,Paid Amount,Bill generation date,Due date,Pay date,Payment Channel
1,A1,43132.7274,25-Jan-14,09-Feb-14,12-Jan-14,Prepaid card
2,A1,190.5345,25-Jan-14,09-Feb-14,03-Jan-14,Credit card
3,A1,22.87236,25-Jan-14,09-Feb-14,15-Jan-14,Prepaid card
4,A1,284466.0923,25-Jan-14,09-Feb-14,25-Jan-14,Credit card
5,A1,233243.2239,25-Jan-15,09-Feb-15,17-Jan-15,Credit card
6,A1,110318.2089,25-Feb-15,12-Mar-15,23-Feb-15,Mobile carrier Billing
7,A1,270782.5891,25-Feb-15,12-Mar-15,01-Feb-15,Debit card
8,A8,314629.5771,25-Feb-14,12-Mar-14,05-Feb-14,Mobile carrier Billing
9,A9,3708.2416,25-Feb-15,12-Mar-15,28-Feb-15,Paytm
10,A10,20134.24797,25-Feb-15,12-Mar-15,16-Feb-15,Paytm
11,A11,434692.7616,25-Feb-15,12-Mar-15,23-Feb-15,Mobile carrier Billing
12,A12,113128.5753,25-Feb-15,12-Mar-15,03-Feb-15,Credit card
13,A13,146139.0077,25-Feb-16,11-Mar-16,04-Feb-16,Mobile carrier Billing
14,A14,2640.9061,25-Mar-16,09-Apr-16,25-Mar-16,Credit card
15,A15,379839.016,25-Mar-16,09-Apr-16,31-Mar-16,Debit card
16,A16,84096.73216,25-Mar-16,09-Apr-16,23-Mar-16,Mobile carrier Billing
17,A17,168532.2696,25-Mar-14,09-Apr-14,19-Mar-14,Credit card
18,A18,262325.9336,25-Mar-16,09-Apr-16,05-Mar-16,Mobile carrier Billing
19,A19,3656.936495,25-Apr-15,10-May-15,04-Apr-15,Credit card
20,A20,4837.2205,25-Apr-16,10-May-16,30-Apr-16,Mobile carrier Billing
21,A21,238012.0874,25-Apr-14,10-May-14,25-Apr-14,Credit card
22,A22,31756.07797,25-Apr-16,10-May-16,19-Apr-16,Mobile carrier Billing
23,A23,2659.2228,25-Apr-14,10-May-14,06-Apr-14,Credit card
24,A24,139909.9438,25-Apr-15,10-May-15,27-Apr-15,Credit card
25,A25,17664.71182,25-May-14,09-Jun-14,05-May-14,Credit card
26,A26,354.02392,25-May-16,09-Jun-16,06-May-16,Paytm
27,A27,2332.2208,25-May-15,09-Jun-15,07-May-15,Credit card
28,A28,416492.1724,25-May-16,09-Jun-16,08-May-16,Mobile carrier Billing
29,A29,185859.3748,25-May-15,09-Jun-15,09-May-15,Mobile carrier Billing
30,A30,67006.83518,25-May-16,09-Jun-16,10-May-16,Credit card
31,A31,15886.65452,25-Jul-16,09-Aug-16,11-Jul-16,Prepaid card
32,A32,389944.9582,25-Aug-15,09-Sep-15,12-Aug-15,Mobile carrier Billing
33,A33,181302.4004,25-Sep-14,10-Oct-14,13-Sep-14,Prepaid card
34,A34,379116.0948,25-Nov-15,10-Dec-15,20-Nov-15,Prepaid card
35,A35,78361.65573,25-Nov-16,10-Dec-16,21-Nov-16,Prepaid card
36,A36,136010.9465,25-Nov-15,10-Dec-15,22-Nov-15,Credit card
37,A37,141718.3781,25-Nov-14,10-Dec-14,23-Nov-14,Credit card
38,A38,140367.1789,25-May-15,09-Jun-15,24-May-15,Paytm
39,A39,10766.27409,25-May-15,09-Jun-15,25-May-15,Paytm
40,A40,82809.36436,25-May-15,09-Jun-15,26-May-15,Prepaid card
41,A41,250535.9036,25-May-15,09-Jun-15,27-May-15,Prepaid card
42,A42,279294.9455,25-May-15,09-Jun-15,28-May-15,Prepaid card
43,A43,496158.1535,25-May-15,09-Jun-15,29-May-15,Paypal wallet
44,A44,488139.1757,25-May-15,09-Jun-15,30-May-15,Mobile carrier Billing
45,A45,336441.5081,25-May-15,09-Jun-15,31-May-15,Mobile carrier Billing
46,A46,60604.50778,25-Jun-15,10-Jul-15,01-Jun-15,Debit card
47,A47,160176.0746,25-Jun-15,10-Jul-15,02-Jun-15,Credit card
48,A48,128205.2629,25-Jun-15,10-Jul-15,03-Jun-15,Credit card
49,A49,464038.3666,25-Jul-15,09-Aug-15,03-Jul-15,Credit card
50,A50,211113.3769,25-Aug-15,09-Sep-15,03-Aug-15,Debit card
51,A51,24165.53473,25-Sep-15,10-Oct-15,03-Sep-15,Prepaid card
52,A52,250524.6154,25-Oct-15,09-Nov-15,03-Oct-15,Mobile carrier Billing
53,A53,181774.0599,25-Nov-15,10-Dec-15,03-Nov-15,Mobile carrier Billing
54,A54,66943.65647,25-Dec-15,09-Jan-16,03-Dec-15,Mobile carrier Billing
55,A55,431157.568,25-Jan-16,09-Feb-16,03-Jan-16,Paytm
56,A56,123194.8598,25-Feb-16,11-Mar-16,03-Feb-16,Mobile carrier Billing
57,A57,366607.0021,25-Mar-16,09-Apr-16,03-Mar-16,Mobile carrier Billing
58,A58,240468.957,25-Apr-16,10-May-16,03-Apr-16,Mobile carrier Billing
59,A59,404582.8041,25-May-16,09-Jun-16,03-May-16,Credit card
60,A60,324444.4473,25-Jun-16,10-Jul-16,03-Jun-16,Prepaid card
61,A61,123163.2729,25-Jul-16,09-Aug-16,03-Jul-16,Mobile carrier Billing
62,A60,375022.1786,25-Aug-16,09-Sep-16,03-Aug-16,Credit card
63,A61,325343.3924,25-Sep-16,10-Oct-16,03-Sep-16,Mobile carrier Billing
64,A62,486222.5856,25-Oct-16,09-Nov-16,03-Oct-16,Prepaid card
65,A63,117165.8845,25-Nov-16,10-Dec-16,03-Nov-16,Credit card
66,A64,420753.1443,25-Dec-16,09-Jan-17,03-Dec-16,Mobile carrier Billing
67,A65,203956.8773,25-Jan-14,09-Feb-14,12-Jan-14,Mobile carrier Billing
68,A66,337896.4307,25-Jan-14,09-Feb-14,03-Jan-14,Paytm
69,A67,403178.3435,25-Jan-14,09-Feb-14,15-Jan-14,Prepaid card
70,A68,37368.78896,25-Jan-14,09-Feb-14,25-Jan-14,Credit card
71,A69,436322.4137,25-Jan-15,09-Feb-15,17-Jan-15,Credit card
72,A70,197830.9424,25-Feb-15,12-Mar-15,23-Feb-15,Mobile carrier Billing
73,A71,126025.6456,25-Feb-15,12-Mar-15,01-Feb-15,Mobile carrier Billing
74,A72,120535.627,25-Feb-14,12-Mar-14,05-Feb-14,Credit card
75,A73,411811.3618,25-Feb-15,12-Mar-15,28-Feb-15,Mobile carrier Billing
76,A74,474480.0081,25-Feb-15,12-Mar-15,16-Feb-15,Mobile carrier Billing
77,A75,321729.6043,25-Feb-15,12-Mar-15,23-Feb-15,Credit card
78,A76,167423.3367,25-Feb-15,12-Mar-15,03-Feb-15,Paypal wallet
79,A77,104136.0241,25-Feb-16,11-Mar-16,04-Feb-16,Credit card
80,A78,496953.2158,25-Mar-16,09-Apr-16,25-Mar-16,Credit card
81,A79,256983.1747,25-Mar-16,09-Apr-16,31-Mar-16,Credit card
82,A80,383178.1958,25-Mar-16,09-Apr-16,23-Mar-16,Mobile carrier Billing
83,A81,65262.88617,25-Mar-16,09-Apr-16,24-Mar-16,Prepaid card
84,A82,355454.1198,25-Mar-16,09-Apr-16,25-Mar-16,Prepaid card
85,A83,361712.7684,25-Mar-16,09-Apr-16,26-Mar-16,Mobile carrier Billing
86,A84,101440.0123,25-Mar-16,09-Apr-16,27-Mar-16,Credit card
87,A85,434850.5253,25-Mar-16,09-Apr-16,28-Mar-16,Mobile carrier Billing
88,A86,29672.60793,25-Mar-16,09-Apr-16,29-Mar-16,Credit card
89,A87,438012.9856,25-Mar-16,09-Apr-16,30-Mar-16,Credit card
90,A88,284033.6823,25-Mar-16,09-Apr-16,31-Mar-16,Prepaid card
91,A89,359770.5996,25-Apr-16,10-May-16,01-Apr-16,Mobile carrier Billing
92,A90,205444.415,25-Apr-16,10-May-16,02-Apr-16,Mobile carrier Billing
93,A91,371780.8032,25-Apr-16,10-May-16,03-Apr-16,Credit card
94,A92,111140.7691,25-Apr-16,10-May-16,04-Apr-16,Credit card
95,A93,471219.4987,25-Jan-14,09-Feb-14,12-Jan-14,Credit card
96,A94,76236.24889,25-Jan-14,09-Feb-14,03-Jan-14,Mobile carrier Billing
97,A95,224886.4181,25-Jan-14,09-Feb-14,15-Jan-14,Credit card
98,A96,63973.96518,25-Jan-14,09-Feb-14,25-Jan-14,Credit card
99,A97,140878.6711,25-Jan-14,09-Feb-14,12-Jan-14,Credit card
100,A98,161092.9124,25-Jan-14,09-Feb-14,03-Jan-14,Credit card
101,A99,202247.8183,25-Jan-14,09-Feb-14,15-Jan-14,Prepaid card
102,A100,442916.4415,25-Jan-14,09-Feb-14,25-Jan-14,Credit card
103,A1,18828.52948,25-Jan-14,09-Feb-14,12-Jan-14,Prepaid card
104,A2,213557.6556,25-Jan-14,09-Feb-14,03-Jan-14,Credit card
105,A3,10122.60932,25-Jan-14,09-Feb-14,15-Jan-14,Credit card
106,A4,202277.5724,25-Jan-14,09-Feb-14,25-Jan-14,Mobile carrier Billing
107,A5,21190.79008,25-Jan-14,09-Feb-14,12-Jan-14,Debit card
108,A6,109204.888,25-Jan-14,09-Feb-14,03-Jan-14,Mobile carrier Billing
109,A7,206265.3119,25-Jan-14,09-Feb-14,15-Jan-14,Paytm
110,A8,23776.59785,25-Jan-14,09-Feb-14,12-Jan-14,Paytm
111,A9,65899.82756,25-Jan-14,09-Feb-14,03-Jan-14,Mobile carrier Billing
112,A10,143624.5742,25-Jan-14,09-Feb-14,15-Jan-14,Credit card
113,A11,430200.5604,25-Jan-14,09-Feb-14,25-Jan-14,Mobile carrier Billing
114,A12,249638.8737,25-Jan-15,09-Feb-15,17-Jan-15,Credit card
115,A13,246378.5486,25-Feb-15,12-Mar-15,23-Feb-15,Debit card
116,A14,392819.6712,25-Feb-15,12-Mar-15,01-Feb-15,Mobile carrier Billing
117,A1,328569.0393,25-Feb-14,12-Mar-14,05-Feb-14,Credit card
118,A2,268237.4354,25-Feb-15,12-Mar-15,28-Feb-15,Mobile carrier Billing
119,A3,318502.7602,25-Feb-15,12-Mar-15,16-Feb-15,Credit card
120,A4,396801.707,25-Feb-15,12-Mar-15,23-Feb-15,Mobile carrier Billing
121,A5,255905.798,25-Feb-15,12-Mar-15,03-Feb-15,Credit card
122,A6,96216.47117,25-Feb-16,11-Mar-16,04-Feb-16,Mobile carrier Billing
123,A7,325872.8795,25-Mar-16,09-Apr-16,25-Mar-16,Credit card
124,A8,293681.0572,25-Mar-16,09-Apr-16,31-Mar-16,Credit card
125,A9,174974.6175,25-Mar-16,09-Apr-16,23-Mar-16,Credit card
126,A10,250268.0999,25-Mar-14,09-Apr-14,19-Mar-14,Paytm
127,A11,40662.28127,25-Mar-16,09-Apr-16,05-Mar-16,Credit card
128,A12,66229.38264,25-Apr-15,10-May-15,04-Apr-15,Mobile carrier Billing
129,A13,483206.3716,25-Apr-16,10-May-16,30-Apr-16,Mobile carrier Billing
130,A14,243313.289,25-Apr-14,10-May-14,25-Apr-14,Credit card
131,A1,11506.7889,25-Apr-16,10-May-16,19-Apr-16,Prepaid card
132,A2,193762.4508,25-Apr-14,10-May-14,06-Apr-14,Mobile carrier Billing
133,A3,477384.451,25-Apr-15,10-May-15,27-Apr-15,Prepaid card
134,A4,17459.2482,25-May-14,09-Jun-14,05-May-14,Prepaid card
135,A5,6337.554855,25-May-16,09-Jun-16,06-May-16,Prepaid card
136,A6,323406.0517,25-May-15,09-Jun-15,07-May-15,Credit card
137,A7,281872.9152,25-May-16,09-Jun-16,08-May-16,Credit card
138,A8,357617.0435,25-May-15,09-Jun-15,09-May-15,Paytm
139,A9,360379.1434,25-May-16,09-Jun-16,10-May-16,Paytm
140,A10,217163.1292,25-Jul-16,09-Aug-16,11-Jul-16,Prepaid card
141,A11,191882.4108,25-Aug-15,09-Sep-15,12-Aug-15,Prepaid card
142,A12,146636.6011,25-Sep-14,10-Oct-14,13-Sep-14,Prepaid card
143,A13,211525.0141,25-Nov-15,10-Dec-15,20-Nov-15,Paypal wallet
144,A14,26107.15383,25-Nov-16,10-Dec-16,21-Nov-16,Mobile carrier Billing
145,A1,325434.5029,25-Nov-15,10-Dec-15,22-Nov-15,Mobile carrier Billing
146,A2,171540.6456,25-Nov-14,10-Dec-14,23-Nov-14,Debit card
147,A3,43483.17587,25-May-15,09-Jun-15,24-May-15,Credit card
148,A4,470701.5084,25-May-15,09-Jun-15,25-May-15,Credit card
149,A5,299738.9116,25-May-14,09-Jun-14,05-May-14,Credit card
150,A6,245943.087,25-May-16,09-Jun-16,06-May-16,Debit card
151,A7,227962.8537,25-May-15,09-Jun-15,07-May-15,Prepaid card
152,A8,124444.7923,25-May-16,09-Jun-16,08-May-16,Mobile carrier Billing
153,A9,155141.2481,25-May-15,09-Jun-15,09-May-15,Mobile carrier Billing
154,A10,86429.17785,25-May-16,09-Jun-16,10-May-16,Mobile carrier Billing
155,A11,52754.70908,25-Jul-16,09-Aug-16,11-Jul-16,Paytm
156,A12,487336.8938,25-Aug-15,09-Sep-15,12-Aug-15,Mobile carrier Billing
157,A13,402667.4256,25-Sep-14,10-Oct-14,13-Sep-14,Mobile carrier Billing
158,A14,429021.0302,25-Nov-15,10-Dec-15,20-Nov-15,Mobile carrier Billing
159,A1,124132.6559,25-Nov-16,10-Dec-16,21-Nov-16,Credit card
160,A2,495194.9051,25-Nov-15,10-Dec-15,22-Nov-15,Prepaid card
161,A3,375580.2644,25-Nov-14,10-Dec-14,23-Nov-14,Mobile carrier Billing
162,A4,426549.5677,25-May-15,09-Jun-15,24-May-15,Credit card
163,A5,451444.8245,25-May-15,09-Jun-15,25-May-15,Mobile carrier Billing
164,A6,385609.2022,25-May-15,09-Jun-15,26-May-15,Prepaid card
165,A7,387074.051,25-May-15,09-Jun-15,27-May-15,Credit card
166,A8,23381.79674,25-May-15,09-Jun-15,28-May-15,Mobile carrier Billing
167,A9,383701.9372,25-May-15,09-Jun-15,29-May-15,Mobile carrier Billing
168,A10,412331.7421,25-May-15,09-Jun-15,30-May-15,Paytm
169,A11,100579.7474,25-May-15,09-Jun-15,31-May-15,Prepaid card
170,A12,418538.4914,25-Jun-15,10-Jul-15,01-Jun-15,Credit card
171,A13,373849.5179,25-Jun-15,10-Jul-15,02-Jun-15,Credit card
172,A14,297347.8082,25-Jun-15,10-Jul-15,03-Jun-15,Mobile carrier Billing
173,A1,356033.9084,25-Jul-15,09-Aug-15,03-Jul-15,Mobile carrier Billing
174,A2,383581.7719,25-Aug-15,09-Sep-15,03-Aug-15,Credit card
175,A3,299560.2065,25-Sep-15,10-Oct-15,03-Sep-15,Mobile carrier Billing
176,A4,324515.0019,25-Oct-15,09-Nov-15,03-Oct-15,Mobile carrier Billing
177,A5,399684.001,25-Nov-15,10-Dec-15,03-Nov-15,Credit card
178,A6,342139.6918,25-Dec-15,09-Jan-16,03-Dec-15,Paypal wallet
179,A7,291990.6028,25-Jan-16,09-Feb-16,03-Jan-16,Credit card
180,A8,22780.35484,25-Feb-16,11-Mar-16,03-Feb-16,Credit card
181,A9,449632.1141,25-Mar-16,09-Apr-16,03-Mar-16,Credit card
182,A10,112959.9708,25-Apr-16,10-May-16,03-Apr-16,Mobile carrier Billing
183,A11,352877.047,25-May-16,09-Jun-16,03-May-16,Prepaid card
184,A12,38052.23611,25-Jun-16,10-Jul-16,03-Jun-16,Prepaid card
185,A13,4172.172715,25-Jul-16,09-Aug-16,03-Jul-16,Mobile carrier Billing
186,A14,70868.96643,25-Aug-16,09-Sep-16,03-Aug-16,Credit card
187,A1,163232.0882,25-Sep-16,10-Oct-16,03-Sep-16,Mobile carrier Billing
188,A2,57803.80603,25-Oct-16,09-Nov-16,03-Oct-16,Credit card
189,A3,292008.1609,25-Nov-16,10-Dec-16,03-Nov-16,Credit card
190,A4,1614.366568,25-Dec-16,09-Jan-17,03-Dec-16,Prepaid card
191,A5,138917.0811,25-Jan-14,09-Feb-14,12-Jan-14,Mobile carrier Billing
192,A6,27683.71916,25-Jan-14,09-Feb-14,03-Jan-14,Mobile carrier Billing
193,A7,402075.3693,25-Jan-14,09-Feb-14,15-Jan-14,Credit card
194,A8,180238.3459,25-Jan-14,09-Feb-14,25-Jan-14,Credit card
195,A9,201338.484,25-Jan-15,09-Feb-15,17-Jan-15,Credit card
196,A10,479856.3855,25-Feb-15,12-Mar-15,23-Feb-15,Mobile carrier Billing
197,A11,310524.0408,25-Feb-15,12-Mar-15,01-Feb-15,Credit card
198,A12,149871.9426,25-Feb-14,12-Mar-14,05-Feb-14,Credit card
199,A13,398841.078,25-Feb-15,12-Mar-15,28-Feb-15,Credit card
200,A14,129129.39,25-Feb-15,12-Mar-15,16-Feb-15,Credit card
201,A1,72539.44046,25-Feb-15,12-Mar-15,23-Feb-15,Prepaid card
202,A2,30111.01186,25-Feb-15,12-Mar-15,03-Feb-15,Credit card
203,A3,317918.2105,25-Feb-16,11-Mar-16,04-Feb-16,Prepaid card
204,A4,271100.8397,25-Mar-16,09-Apr-16,25-Mar-16,Credit card
205,A5,252647.3289,25-Mar-16,09-Apr-16,31-Mar-16,Credit card
206,A6,253110.8654,25-Mar-16,09-Apr-16,23-Mar-16,Mobile carrier Billing
207,A7,388409.0075,25-Mar-16,09-Apr-16,24-Mar-16,Debit card
208,A8,61647.54332,25-Mar-16,09-Apr-16,25-Mar-16,Mobile carrier Billing
209,A9,459866.4183,25-Mar-16,09-Apr-16,26-Mar-16,Paytm
210,A10,340041.877,25-Mar-16,09-Apr-16,27-Mar-16,Paytm
211,A11,257464.2968,25-Mar-16,09-Apr-16,28-Mar-16,Mobile carrier Billing
212,A12,87637.43224,25-Mar-16,09-Apr-16,29-Mar-16,Credit card
213,A13,139773.1615,25-Mar-16,09-Apr-16,30-Mar-16,Mobile carrier Billing
214,A14,129540.4997,25-Mar-16,09-Apr-16,31-Mar-16,Credit card
215,A1,152477.929,25-Apr-16,10-May-16,01-Apr-16,Debit card
216,A2,314817.3035,25-Apr-16,10-May-16,02-Apr-16,Mobile carrier Billing
217,A3,215771.9549,25-Apr-16,10-May-16,03-Apr-16,Credit card
218,A4,333168.6102,25-Apr-16,10-May-16,04-Apr-16,Mobile carrier Billing
219,A5,394462.8371,25-Jan-14,09-Feb-14,12-Jan-14,Credit card
220,A6,383068.13,25-Jan-14,09-Feb-14,03-Jan-14,Mobile carrier Billing
221,A7,358634.0135,25-Jan-14,09-Feb-14,15-Jan-14,Credit card
222,A8,220560.5371,25-Jan-14,09-Feb-14,25-Jan-14,Mobile carrier Billing
223,A9,7322.155238,25-Jan-14,09-Feb-14,12-Jan-14,Credit card
224,A10,177628.7097,25-Jan-14,09-Feb-14,03-Jan-14,Credit card
225,A11,408130.0405,25-Jan-14,09-Feb-14,15-Jan-14,Credit card
226,A12,468343.6104,25-Jan-14,09-Feb-14,25-Jan-14,Paytm
227,A13,188237.2395,25-Jan-14,09-Feb-14,12-Jan-14,Credit card
228,A14,270573.8661,25-Jan-14,09-Feb-14,03-Jan-14,Mobile carrier Billing
229,A1,48345.8889,25-Jan-14,09-Feb-14,15-Jan-14,Mobile carrier Billing
230,A2,86482.1084,25-Jan-14,09-Feb-14,25-Jan-14,Credit card
231,A3,330252.7758,25-Jan-14,09-Feb-14,12-Jan-14,Prepaid card
232,A4,315246.0777,25-Jan-14,09-Feb-14,03-Jan-14,Mobile carrier Billing
233,A5,124837.8375,25-Jan-14,09-Feb-14,15-Jan-14,Prepaid card
234,A6,127448.7508,25-Jan-14,09-Feb-14,12-Jan-14,Prepaid card
235,A7,334345.1917,25-Jan-14,09-Feb-14,03-Jan-14,Prepaid card
236,A8,315852.3899,25-Jan-14,09-Feb-14,15-Jan-14,Credit card
237,A9,418770.1889,25-Jan-14,09-Feb-14,25-Jan-14,Credit card
238,A10,11250.75917,25-Jan-15,09-Feb-15,17-Jan-15,Paytm
239,A11,387976.5921,25-Feb-15,12-Mar-15,23-Feb-15,Paytm
240,A12,182730.8139,25-Feb-15,12-Mar-15,01-Feb-15,Prepaid card
241,A13,410622.5573,25-Feb-14,12-Mar-14,05-Feb-14,Prepaid card
242,A14,329245.8605,25-Feb-15,12-Mar-15,28-Feb-15,Prepaid card
243,A1,159421.7674,25-Feb-15,12-Mar-15,16-Feb-15,Paypal wallet
244,A2,447252.137,25-Feb-15,12-Mar-15,23-Feb-15,Mobile carrier Billing
245,A3,363814.0823,25-Feb-15,12-Mar-15,03-Feb-15,Mobile carrier Billing
246,A4,275933.6793,25-Feb-16,11-Mar-16,04-Feb-16,Debit card
247,A5,199607.6522,25-Mar-16,09-Apr-16,25-Mar-16,Credit card
248,A6,233955.9087,25-Mar-16,09-Apr-16,31-Mar-16,Credit card
249,A7,153545.1971,25-Mar-16,09-Apr-16,23-Mar-16,Credit card
250,A8,46002.42694,25-Mar-14,09-Apr-14,19-Mar-14,Debit card
251,A9,302404.1232,25-Mar-16,09-Apr-16,05-Mar-16,Prepaid card
252,A10,34292.09387,25-Apr-15,10-May-15,04-Apr-15,Mobile carrier Billing
253,A11,222101.0954,25-Apr-16,10-May-16,30-Apr-16,Mobile carrier Billing
254,A12,345504.0016,25-Apr-14,10-May-14,25-Apr-14,Mobile carrier Billing
255,A13,79290.52342,25-Apr-16,10-May-16,19-Apr-16,Paytm
256,A14,149535.2333,25-Apr-14,10-May-14,06-Apr-14,Mobile carrier Billing
257,A5,50635.63283,25-Apr-15,10-May-15,27-Apr-15,Mobile carrier Billing
258,A6,370843.6559,25-May-14,09-Jun-14,05-May-14,Mobile carrier Billing
259,A7,137673.7911,25-May-16,09-Jun-16,06-May-16,Credit card
260,A8,7915.747938,25-May-15,09-Jun-15,07-May-15,Prepaid card
261,A9,182518.1955,25-May-16,09-Jun-16,08-May-16,Mobile carrier Billing
262,A10,192555.6179,25-May-15,09-Jun-15,09-May-15,Credit card
263,A11,271874.443,25-May-16,09-Jun-16,10-May-16,Mobile carrier Billing
264,A12,152820.5737,25-Jul-16,09-Aug-16,11-Jul-16,Prepaid card
265,A13,180794.7031,25-Aug-15,09-Sep-15,12-Aug-15,Credit card
266,A14,395109.8874,25-May-14,09-Jun-14,05-May-14,Mobile carrier Billing
267,A15,469877.0224,25-May-16,09-Jun-16,06-May-16,Mobile carrier Billing
268,A16,400311.486,25-May-15,09-Jun-15,07-May-15,Paytm
269,A17,84364.35224,25-May-16,09-Jun-16,08-May-16,Prepaid card
270,A18,297117.7708,25-May-15,09-Jun-15,09-May-15,Credit card
271,A19,138808.4921,25-May-16,09-Jun-16,10-May-16,Credit card
272,A20,283590.9913,25-Jul-16,09-Aug-16,11-Jul-16,Mobile carrier Billing
273,A21,241195.8053,25-Aug-15,09-Sep-15,12-Aug-15,Mobile carrier Billing
274,A22,498739.1796,25-Sep-14,10-Oct-14,13-Sep-14,Credit card
275,A5,481039.9299,25-Nov-15,10-Dec-15,20-Nov-15,Mobile carrier Billing
276,A6,397585.368,25-Nov-16,10-Dec-16,21-Nov-16,Mobile carrier Billing
277,A7,241924.0078,25-Nov-15,10-Dec-15,22-Nov-15,Credit card
278,A8,137163.1287,25-Nov-14,10-Dec-14,23-Nov-14,Paypal wallet
279,A9,101878.107,25-May-15,09-Jun-15,24-May-15,Credit card
280,A10,483770.7377,25-May-15,09-Jun-15,25-May-15,Credit card
281,A11,52058.9821,25-May-15,09-Jun-15,26-May-15,Credit card
282,A12,53891.86967,25-May-15,09-Jun-15,27-May-15,Mobile carrier Billing
283,A13,202483.0472,25-May-15,09-Jun-15,28-May-15,Prepaid card
284,A14,20080.46829,25-May-15,09-Jun-15,29-May-15,Prepaid card
285,A15,42702.09115,25-May-15,09-Jun-15,30-May-15,Mobile carrier Billing
286,A16,324500.9538,25-May-15,09-Jun-15,31-May-15,Credit card
287,A17,490927.4183,25-Jun-15,10-Jul-15,01-Jun-15,Mobile carrier Billing
288,A18,417228.6744,25-Jun-15,10-Jul-15,02-Jun-15,Credit card
289,A19,383046.7792,25-Jun-15,10-Jul-15,03-Jun-15,Credit card
290,A20,156793.2607,25-Jul-15,09-Aug-15,03-Jul-15,Prepaid card
291,A21,216422.2598,25-Aug-15,09-Sep-15,03-Aug-15,Mobile carrier Billing
292,A22,42915.25303,25-Sep-15,10-Oct-15,03-Sep-15,Mobile carrier Billing
293,A5,138129.6587,25-Oct-15,09-Nov-15,03-Oct-15,Credit card
294,A6,56185.83185,25-Nov-15,10-Dec-15,03-Nov-15,Credit card
295,A7,55127.42832,25-Dec-15,09-Jan-16,03-Dec-15,Credit card
296,A8,351638.1056,25-Jan-16,09-Feb-16,03-Jan-16,Mobile carrier Billing
297,A9,143545.033,25-Feb-16,11-Mar-16,03-Feb-16,Credit card
298,A10,167385.0678,25-Mar-16,09-Apr-16,03-Mar-16,Credit card
299,A11,290343.6088,25-Apr-16,10-May-16,03-Apr-16,Credit card
300,A12,200377.1591,25-May-16,09-Jun-16,03-May-16,Credit card
301,A13,291261.2813,25-Jun-16,10-Jul-16,03-Jun-16,Prepaid card
302,A14,407314.9886,25-Jul-16,09-Aug-16,03-Jul-16,Credit card
303,A15,469635.1158,25-Aug-16,09-Sep-16,03-Aug-16,Prepaid card
304,A16,426744.4923,25-Sep-16,10-Oct-16,03-Sep-16,Credit card
305,A17,40034.4675,25-Oct-16,09-Nov-16,03-Oct-16,Credit card
306,A18,33368.06426,25-Nov-16,10-Dec-16,03-Nov-16,Mobile carrier Billing
307,A19,21214.5097,25-Dec-16,09-Jan-17,03-Dec-16,Debit card
308,A20,62813.87857,25-Jan-14,09-Feb-14,12-Jan-14,Mobile carrier Billing
309,A21,67572.96993,25-Jan-14,09-Feb-14,03-Jan-14,Paytm
310,A22,43492.03608,25-Jan-14,09-Feb-14,15-Jan-14,Paytm
311,A5,44904.35809,25-Jan-14,09-Feb-14,25-Jan-14,Mobile carrier Billing
312,A6,418117.3042,25-Jan-15,09-Feb-15,17-Jan-15,Credit card
313,A7,363805.2634,25-Feb-15,12-Mar-15,23-Feb-15,Mobile carrier Billing
314,A8,395231.9217,25-Feb-15,12-Mar-15,01-Feb-15,Credit card
315,A9,487166.0428,25-Feb-14,12-Mar-14,05-Feb-14,Debit card
316,A10,238831.0695,25-Feb-15,12-Mar-15,28-Feb-15,Mobile carrier Billing
317,A11,80145.67556,25-Feb-15,12-Mar-15,16-Feb-15,Credit card
318,A12,396258.3916,25-Feb-15,12-Mar-15,23-Feb-15,Mobile carrier Billing
319,A13,364484.3179,25-Feb-15,12-Mar-15,03-Feb-15,Credit card
320,A14,90060.98478,25-Feb-16,11-Mar-16,04-Feb-16,Mobile carrier Billing
321,A15,493006.8224,25-Mar-16,09-Apr-16,25-Mar-16,Credit card
322,A16,246266.1676,25-Mar-16,09-Apr-16,31-Mar-16,Mobile carrier Billing
323,A17,161976.5938,25-Mar-16,09-Apr-16,23-Mar-16,Credit card
324,A18,88723.41511,25-Mar-16,09-Apr-16,24-Mar-16,Credit card
325,A19,190290.0586,25-Mar-16,09-Apr-16,25-Mar-16,Credit card
326,A20,188153.2287,25-Mar-16,09-Apr-16,26-Mar-16,Paytm
327,A21,474558.0284,25-Mar-16,09-Apr-16,27-Mar-16,Credit card
328,A22,389806.6633,25-Mar-16,09-Apr-16,28-Mar-16,Mobile carrier Billing
329,A5,157981.8821,25-Mar-16,09-Apr-16,29-Mar-16,Mobile carrier Billing
330,A6,450185.6268,25-Mar-16,09-Apr-16,30-Mar-16,Credit card
331,A7,492726.2426,25-Mar-16,09-Apr-16,31-Mar-16,Prepaid card
332,A8,303476.3886,25-Apr-16,10-May-16,01-Apr-16,Mobile carrier Billing
333,A9,140755.8126,25-Apr-16,10-May-16,02-Apr-16,Prepaid card
334,A10,214275.1882,25-Apr-16,10-May-16,03-Apr-16,Prepaid card
335,A11,288641.9845,25-Apr-16,10-May-16,04-Apr-16,Prepaid card
336,A12,127698.4234,25-Jan-14,09-Feb-14,12-Jan-14,Credit card
337,A13,494136.2817,25-Jan-14,09-Feb-14,03-Jan-14,Credit card
338,A14,98390.05921,25-Jan-14,09-Feb-14,15-Jan-14,Paytm
339,A15,113472.382,25-Jan-14,09-Feb-14,25-Jan-14,Paytm
340,A16,225327.3559,25-Jan-14,09-Feb-14,12-Jan-14,Prepaid card
341,A17,396685.8348,25-Jan-14,09-Feb-14,03-Jan-14,Prepaid card
342,A18,325860.9536,25-Jan-14,09-Feb-14,15-Jan-14,Prepaid card
343,A19,314217.8766,25-Jan-14,09-Feb-14,25-Jan-14,Paypal wallet
344,A20,279826.451,25-Jan-14,09-Feb-14,12-Jan-14,Mobile carrier Billing
345,A21,181571.0944,25-Jan-14,09-Feb-14,03-Jan-14,Mobile carrier Billing
346,A22,389293.3981,25-Jan-14,09-Feb-14,15-Jan-14,Debit card
347,A5,47711.69666,25-Jan-14,09-Feb-14,25-Jan-14,Credit card
348,A6,108454.7621,25-Jan-14,09-Feb-14,12-Jan-14,Credit card
349,A7,124371.3161,25-Jan-14,09-Feb-14,03-Jan-14,Credit card
350,A8,405893.5611,25-Jan-14,09-Feb-14,15-Jan-14,Debit card
351,A9,219592.7724,25-Jan-14,09-Feb-14,12-Jan-14,Prepaid card
352,A10,38572.2306,25-Jan-14,09-Feb-14,03-Jan-14,Mobile carrier Billing
353,A11,299290.9853,25-Jan-14,09-Feb-14,15-Jan-14,Mobile carrier Billing
354,A12,363267.6186,25-Jan-14,09-Feb-14,25-Jan-14,Mobile carrier Billing
355,A13,133305.2714,25-Jan-15,09-Feb-15,17-Jan-15,Paytm
356,A14,276655.1059,25-Feb-15,12-Mar-15,23-Feb-15,Mobile carrier Billing
357,A15,101961.6168,25-Feb-15,12-Mar-15,01-Feb-15,Mobile carrier Billing
358,A16,228852.248,25-Feb-14,12-Mar-14,05-Feb-14,Mobile carrier Billing
359,A17,31307.7288,25-Feb-15,12-Mar-15,28-Feb-15,Credit card
360,A18,475903.401,25-Feb-15,12-Mar-15,16-Feb-15,Prepaid card
361,A19,352716.3033,25-Feb-15,12-Mar-15,23-Feb-15,Mobile carrier Billing
362,A20,256270.6399,25-Feb-15,12-Mar-15,03-Feb-15,Credit card
363,A21,192319.1807,25-Feb-16,11-Mar-16,04-Feb-16,Mobile carrier Billing
364,A22,172493.6919,25-Mar-16,09-Apr-16,25-Mar-16,Prepaid card
365,A12,75817.41133,25-Mar-16,09-Apr-16,31-Mar-16,Credit card
366,A13,483310.5539,25-Mar-16,09-Apr-16,23-Mar-16,Mobile carrier Billing
367,A14,237244.0658,25-Mar-14,09-Apr-14,19-Mar-14,Mobile carrier Billing
368,A15,92357.12117,25-Mar-16,09-Apr-16,05-Mar-16,Paytm
369,A16,370066.6833,25-Apr-15,10-May-15,04-Apr-15,Prepaid card
370,A17,78449.47545,25-Apr-16,10-May-16,30-Apr-16,Credit card
371,A18,281377.7974,25-Apr-14,10-May-14,25-Apr-14,Credit card
372,A19,429310.2829,25-Apr-16,10-May-16,19-Apr-16,Mobile carrier Billing
373,A20,61873.24811,25-Apr-14,10-May-14,06-Apr-14,Mobile carrier Billing
374,A21,220542.8499,25-Apr-15,10-May-15,27-Apr-15,Credit card
375,A22,305123.0288,25-May-14,09-Jun-14,05-May-14,Mobile carrier Billing
376,A23,139518.1427,25-May-16,09-Jun-16,06-May-16,Mobile carrier Billing
377,A24,425594.5994,25-May-15,09-Jun-15,07-May-15,Credit card
378,A25,86772.19406,25-May-16,09-Jun-16,08-May-16,Paypal wallet
379,A26,102216.9417,25-May-15,09-Jun-15,09-May-15,Credit card
380,A27,240590.3539,25-May-16,09-Jun-16,10-May-16,Credit card
381,A28,211697.1947,25-Jul-16,09-Aug-16,11-Jul-16,Credit card
382,A29,95893.44066,25-Aug-15,09-Sep-15,12-Aug-15,Mobile carrier Billing
383,A30,342151.1119,25-May-14,09-Jun-14,05-May-14,Prepaid card
384,A12,63243.99822,25-May-16,09-Jun-16,06-May-16,Prepaid card
385,A13,386148.9042,25-May-15,09-Jun-15,07-May-15,Mobile carrier Billing
386,A14,142245.5345,25-May-16,09-Jun-16,08-May-16,Credit card
387,A15,47924.98487,25-May-15,09-Jun-15,09-May-15,Mobile carrier Billing
388,A16,345300.9836,25-May-16,09-Jun-16,10-May-16,Credit card
389,A17,497269.216,25-Jul-16,09-Aug-16,11-Jul-16,Credit card
390,A18,470628.0186,25-Aug-15,09-Sep-15,12-Aug-15,Prepaid card
391,A19,429909.6238,25-Sep-14,10-Oct-14,13-Sep-14,Mobile carrier Billing
392,A20,293913.1681,25-Nov-15,10-Dec-15,20-Nov-15,Mobile carrier Billing
393,A21,200940.4235,25-Nov-16,10-Dec-16,21-Nov-16,Credit card
394,A22,111480.4003,25-Nov-15,10-Dec-15,22-Nov-15,Credit card
395,A23,122298.504,25-Nov-14,10-Dec-14,23-Nov-14,Credit card
396,A24,318863.8156,25-May-15,09-Jun-15,24-May-15,Mobile carrier Billing
397,A25,381372.4055,25-May-15,09-Jun-15,25-May-15,Credit card
398,A26,188904.9605,25-May-15,09-Jun-15,26-May-15,Credit card
399,A27,399971.4998,25-May-15,09-Jun-15,27-May-15,Credit card
400,A28,292541.9188,25-May-15,09-Jun-15,28-May-15,Credit card
401,A29,289336.7405,25-May-15,09-Jun-15,29-May-15,Prepaid card
402,A30,469107.9456,25-May-15,09-Jun-15,30-May-15,Credit card
403,A12,262305.6613,25-May-15,09-Jun-15,31-May-15,Prepaid card
404,A13,412691.2907,25-Jun-15,10-Jul-15,01-Jun-15,Credit card
405,A14,323444.3122,25-Jun-15,10-Jul-15,02-Jun-15,Credit card
406,A15,353928.3584,25-Jun-15,10-Jul-15,03-Jun-15,Mobile carrier Billing
407,A16,24675.60604,25-Jul-15,09-Aug-15,03-Jul-15,Debit card
408,A17,334981.7648,25-Aug-15,09-Sep-15,03-Aug-15,Mobile carrier Billing
409,A18,16867.57754,25-Sep-15,10-Oct-15,03-Sep-15,Paytm
410,A19,203806.718,25-Oct-15,09-Nov-15,03-Oct-15,Paytm
411,A20,58881.00319,25-Nov-15,10-Dec-15,03-Nov-15,Mobile carrier Billing
412,A21,216644.4189,25-Dec-15,09-Jan-16,03-Dec-15,Credit card
413,A22,229999.9193,25-Jan-16,09-Feb-16,03-Jan-16,Mobile carrier Billing
414,A23,370674.6177,25-Feb-16,11-Mar-16,03-Feb-16,Credit card
415,A24,325190.8428,25-Mar-16,09-Apr-16,03-Mar-16,Debit card
416,A25,486846.1509,25-Apr-16,10-May-16,03-Apr-16,Mobile carrier Billing
417,A26,372740.6298,25-May-16,09-Jun-16,03-May-16,Credit card
418,A27,232422.5927,25-Jun-16,10-Jul-16,03-Jun-16,Mobile carrier Billing
419,A28,51796.99181,25-Jul-16,09-Aug-16,03-Jul-16,Credit card
420,A29,140871.0137,25-Aug-16,09-Sep-16,03-Aug-16,Mobile carrier Billing
421,A30,161971.3365,25-Sep-16,10-Oct-16,03-Sep-16,Credit card
422,A12,290409.986,25-Oct-16,09-Nov-16,03-Oct-16,Mobile carrier Billing
423,A13,157845.5044,25-Nov-16,10-Dec-16,03-Nov-16,Credit card
424,A14,477162.8422,25-Dec-16,09-Jan-17,03-Dec-16,Credit card
425,A15,34095.00684,25-Jan-14,09-Feb-14,12-Jan-14,Credit card
426,A16,321793.1963,25-Jan-14,09-Feb-14,03-Jan-14,Paytm
427,A17,325927.1709,25-Jan-14,09-Feb-14,15-Jan-14,Credit card
428,A18,492784.4587,25-Jan-14,09-Feb-14,25-Jan-14,Mobile carrier Billing
429,A19,479919.3809,25-Jan-15,09-Feb-15,17-Jan-15,Mobile carrier Billing
430,A20,78243.25792,25-Feb-15,12-Mar-15,23-Feb-15,Credit card
431,A21,181265.3107,25-Feb-15,12-Mar-15,01-Feb-15,Prepaid card
432,A22,379480.6828,25-Feb-14,12-Mar-14,05-Feb-14,Mobile carrier Billing
433,A23,87689.22673,25-Feb-15,12-Mar-15,28-Feb-15,Prepaid card
434,A24,368342.4246,25-Feb-15,12-Mar-15,16-Feb-15,Prepaid card
435,A25,32465.67496,25-Feb-15,12-Mar-15,23-Feb-15,Prepaid card
436,A26,71244.20957,25-Feb-15,12-Mar-15,03-Feb-15,Credit card
437,A27,55685.82915,25-Feb-16,11-Mar-16,04-Feb-16,Credit card
438,A28,272151.4219,25-Mar-16,09-Apr-16,25-Mar-16,Paytm
439,A29,479204.2867,25-Mar-16,09-Apr-16,31-Mar-16,Paytm
440,A30,58057.88433,25-Mar-16,09-Apr-16,23-Mar-16,Prepaid card
441,A12,328264.1994,25-Mar-16,09-Apr-16,24-Mar-16,Prepaid card
442,A13,375455.2737,25-Mar-16,09-Apr-16,25-Mar-16,Prepaid card
443,A14,115545.7424,25-Mar-16,09-Apr-16,26-Mar-16,Paypal wallet
444,A15,285857.025,25-Mar-16,09-Apr-16,27-Mar-16,Mobile carrier Billing
445,A16,448510.3668,25-Mar-16,09-Apr-16,28-Mar-16,Mobile carrier Billing
446,A17,116440.3672,25-Mar-16,09-Apr-16,29-Mar-16,Debit card
447,A18,171303.827,25-Mar-16,09-Apr-16,30-Mar-16,Credit card
448,A19,53628.90191,25-Mar-16,09-Apr-16,31-Mar-16,Credit card
449,A20,367929.0534,25-Apr-16,10-May-16,01-Apr-16,Credit card
450,A21,395288.7788,25-Apr-16,10-May-16,02-Apr-16,Debit card
451,A22,342975.9216,25-Apr-16,10-May-16,03-Apr-16,Prepaid card
452,A23,475543.8426,25-Apr-16,10-May-16,04-Apr-16,Mobile carrier Billing
453,A24,107284.8204,25-Jan-14,09-Feb-14,12-Jan-14,Mobile carrier Billing
454,A25,100653.39,25-Jan-14,09-Feb-14,03-Jan-14,Mobile carrier Billing
455,A26,16241.3512,25-Jan-14,09-Feb-14,15-Jan-14,Paytm
456,A27,265647.931,25-Jan-14,09-Feb-14,25-Jan-14,Mobile carrier Billing
457,A28,243703.6706,25-Jan-14,09-Feb-14,12-Jan-14,Mobile carrier Billing
458,A29,393373.4253,25-Jan-14,09-Feb-14,03-Jan-14,Mobile carrier Billing
459,A30,400320.9039,25-Jan-14,09-Feb-14,15-Jan-14,Credit card
460,A12,494424.821,25-Jan-14,09-Feb-14,25-Jan-14,Prepaid card
461,A13,225310.4332,25-Jan-14,09-Feb-14,12-Jan-14,Mobile carrier Billing
462,A14,214852.0094,25-Jan-14,09-Feb-14,03-Jan-14,Credit card
463,A15,317084.41,25-Jan-14,09-Feb-14,15-Jan-14,Mobile carrier Billing
464,A16,456111.9721,25-Jan-14,09-Feb-14,25-Jan-14,Prepaid card
465,A17,92436.29224,25-Jan-14,09-Feb-14,12-Jan-14,Credit card
466,A18,313257.493,25-Jan-14,09-Feb-14,03-Jan-14,Mobile carrier Billing
467,A19,100815.4805,25-Jan-14,09-Feb-14,15-Jan-14,Mobile carrier Billing
468,A20,329220.4944,25-Jan-14,09-Feb-14,12-Jan-14,Paytm
469,A21,71458.20139,25-Jan-14,09-Feb-14,03-Jan-14,Prepaid card
470,A22,493748.9702,25-Jan-14,09-Feb-14,15-Jan-14,Credit card
471,A23,367379.4037,25-Jan-14,09-Feb-14,25-Jan-14,Credit card
472,A24,495085.7374,25-Jan-15,09-Feb-15,17-Jan-15,Mobile carrier Billing
473,A25,371213.2942,25-Feb-15,12-Mar-15,23-Feb-15,Mobile carrier Billing
474,A26,439210.7435,25-Feb-15,12-Mar-15,01-Feb-15,Credit card
475,A27,324593.0284,25-Feb-14,12-Mar-14,05-Feb-14,Mobile carrier Billing
476,A28,262134.7043,25-Feb-15,12-Mar-15,28-Feb-15,Mobile carrier Billing
477,A29,157688.7986,25-Feb-15,12-Mar-15,16-Feb-15,Credit card
478,A30,465847.8351,25-Feb-15,12-Mar-15,23-Feb-15,Paypal wallet
479,A12,198495.6952,25-Feb-15,12-Mar-15,03-Feb-15,Credit card
480,A13,355216.6659,25-Feb-16,11-Mar-16,04-Feb-16,Credit card
481,A14,81441.65779,25-Mar-16,09-Apr-16,25-Mar-16,Credit card
482,A15,40781.25892,25-Mar-16,09-Apr-16,31-Mar-16,Mobile carrier Billing
483,A16,208109.9959,25-Mar-16,09-Apr-16,23-Mar-16,Prepaid card
484,A17,256456.8919,25-Mar-14,09-Apr-14,19-Mar-14,Prepaid card
485,A18,384702.985,25-Mar-16,09-Apr-16,05-Mar-16,Mobile carrier Billing
486,A19,246170.4049,25-Apr-15,10-May-15,04-Apr-15,Credit card
487,A20,261182.6441,25-Apr-16,10-May-16,30-Apr-16,Mobile carrier Billing
488,A21,151571.4306,25-Apr-14,10-May-14,25-Apr-14,Credit card
489,A22,42512.27254,25-Apr-16,10-May-16,19-Apr-16,Credit card
490,A23,457816.3116,25-Apr-14,10-May-14,06-Apr-14,Prepaid card
491,A24,198773.1505,25-Apr-15,10-May-15,27-Apr-15,Mobile carrier Billing
492,A25,424594.4889,25-May-14,09-Jun-14,05-May-14,Mobile carrier Billing
493,A26,70516.51618,25-May-16,09-Jun-16,06-May-16,Credit card
494,A27,402901.27,25-May-15,09-Jun-15,07-May-15,Credit card
495,A28,296682.3443,25-May-16,09-Jun-16,08-May-16,Credit card
496,A29,165019.8771,25-May-15,09-Jun-15,09-May-15,Mobile carrier Billing
497,A30,273912.8314,25-May-16,09-Jun-16,10-May-16,Credit card
498,A12,374904.377,25-Jul-16,09-Aug-16,11-Jul-16,Credit card
499,A13,360113.1922,25-Aug-15,09-Sep-15,12-Aug-15,Credit card
500,A14,337069.2492,25-May-14,09-Jun-14,05-May-14,Credit card
501,A15,363419.0185,25-May-16,09-Jun-16,06-May-16,Prepaid card
502,A16,181951.9852,25-May-15,09-Jun-15,07-May-15,Credit card
503,A17,399139.1958,25-May-16,09-Jun-16,08-May-16,Prepaid card
504,A18,384651.3796,25-May-15,09-Jun-15,09-May-15,Credit card
505,A19,121341.0986,25-May-16,09-Jun-16,10-May-16,Credit card
506,A20,111341.9265,25-Jul-16,09-Aug-16,11-Jul-16,Mobile carrier Billing
507,A21,420670.8094,25-Aug-15,09-Sep-15,12-Aug-15,Debit card
508,A22,385401.9554,25-Sep-14,10-Oct-14,13-Sep-14,Mobile carrier Billing
509,A23,188062.513,25-Nov-15,10-Dec-15,20-Nov-15,Paytm
510,A24,236405.9787,25-Nov-16,10-Dec-16,21-Nov-16,Paytm
511,A25,352594.9287,25-Nov-15,10-Dec-15,22-Nov-15,Mobile carrier Billing
512,A26,495991.9345,25-Nov-14,10-Dec-14,23-Nov-14,Credit card
513,A27,202838.8268,25-May-15,09-Jun-15,24-May-15,Mobile carrier Billing
514,A28,308687.5971,25-May-15,09-Jun-15,25-May-15,Credit card
515,A29,432197.3618,25-May-15,09-Jun-15,26-May-15,Debit card
516,A30,89975.49939,25-May-15,09-Jun-15,27-May-15,Mobile carrier Billing
517,A12,370585.2092,25-May-15,09-Jun-15,28-May-15,Credit card
518,A13,425105.8659,25-May-15,09-Jun-15,29-May-15,Mobile carrier Billing
519,A14,244099.9248,25-May-15,09-Jun-15,30-May-15,Credit card
520,A15,201874.1352,25-May-15,09-Jun-15,31-May-15,Mobile carrier Billing
521,A16,168238.4299,25-Jun-15,10-Jul-15,01-Jun-15,Credit card
522,A17,116693.0347,25-Jun-15,10-Jul-15,02-Jun-15,Mobile carrier Billing
523,A18,218148.0883,25-Jun-15,10-Jul-15,03-Jun-15,Credit card
524,A19,409848.9785,25-Jul-15,09-Aug-15,03-Jul-15,Credit card
525,A20,436576.3948,25-Aug-15,09-Sep-15,03-Aug-15,Credit card
526,A21,486085.1334,25-Sep-15,10-Oct-15,03-Sep-15,Paytm
527,A22,354770.2638,25-Oct-15,09-Nov-15,03-Oct-15,Credit card
528,A23,490790.0469,25-Nov-15,10-Dec-15,03-Nov-15,Mobile carrier Billing
529,A24,196361.6858,25-Dec-15,09-Jan-16,03-Dec-15,Mobile carrier Billing
530,A25,271490.1917,25-Jan-16,09-Feb-16,03-Jan-16,Credit card
531,A26,268175.3041,25-Feb-16,11-Mar-16,03-Feb-16,Prepaid card
532,A27,43721.74028,25-Mar-16,09-Apr-16,03-Mar-16,Mobile carrier Billing
533,A28,390894.4537,25-Apr-16,10-May-16,03-Apr-16,Prepaid card
534,A29,244011.7673,25-May-16,09-Jun-16,03-May-16,Prepaid card
535,A30,82736.69508,25-Jun-16,10-Jul-16,03-Jun-16,Prepaid card
536,A12,328628.4698,25-Jul-16,09-Aug-16,03-Jul-16,Credit card
537,A13,38644.66725,25-Aug-16,09-Sep-16,03-Aug-16,Credit card
538,A14,128935.7391,25-Sep-16,10-Oct-16,03-Sep-16,Paytm
539,A15,113149.7808,25-Oct-16,09-Nov-16,03-Oct-16,Paytm
540,A16,425849.2215,25-Nov-16,10-Dec-16,03-Nov-16,Prepaid card
541,A17,178089.7298,25-Dec-16,09-Jan-17,03-Dec-16,Prepaid card
542,A18,374548.7034,25-Jan-14,09-Feb-14,12-Jan-14,Prepaid card
543,A19,196326.3999,25-Jan-14,09-Feb-14,03-Jan-14,Paypal wallet
544,A20,448974.4126,25-Jan-14,09-Feb-14,15-Jan-14,Mobile carrier Billing
545,A21,353630.9775,25-Jan-14,09-Feb-14,25-Jan-14,Mobile carrier Billing
546,A22,338577.77,25-Jan-15,09-Feb-15,17-Jan-15,Debit card
547,A23,210290.2164,25-Feb-15,12-Mar-15,23-Feb-15,Credit card
548,A24,433900.482,25-Feb-15,12-Mar-15,01-Feb-15,Credit card
549,A25,22744.69411,25-Feb-14,12-Mar-14,05-Feb-14,Credit card
550,A26,202367.8984,25-Feb-15,12-Mar-15,28-Feb-15,Debit card
551,A27,288063.5608,25-Feb-15,12-Mar-15,16-Feb-15,Prepaid card
552,A28,495715.1997,25-Feb-15,12-Mar-15,23-Feb-15,Mobile carrier Billing
553,A29,436625.4741,25-Feb-15,12-Mar-15,03-Feb-15,Mobile carrier Billing
554,A30,106911.0925,25-Feb-16,11-Mar-16,04-Feb-16,Mobile carrier Billing
555,A12,177950.9708,25-Mar-16,09-Apr-16,25-Mar-16,Paytm
556,A13,117160.3005,25-Mar-16,09-Apr-16,31-Mar-16,Mobile carrier Billing
557,A14,318619.8168,25-Mar-16,09-Apr-16,23-Mar-16,Mobile carrier Billing
558,A15,368387.8723,25-Mar-16,09-Apr-16,24-Mar-16,Mobile carrier Billing
559,A16,212364.6197,25-Mar-16,09-Apr-16,25-Mar-16,Credit card
560,A17,179094.1414,25-Mar-16,09-Apr-16,26-Mar-16,Prepaid card
561,A18,489732.4088,25-Mar-16,09-Apr-16,27-Mar-16,Mobile carrier Billing
562,A19,223357.9021,25-Mar-16,09-Apr-16,28-Mar-16,Credit card
563,A20,486348.9512,25-Mar-16,09-Apr-16,29-Mar-16,Mobile carrier Billing
564,A21,252246.5584,25-Mar-16,09-Apr-16,30-Mar-16,Prepaid card
565,A22,405815.1511,25-Mar-16,09-Apr-16,31-Mar-16,Credit card
566,A23,72782.4988,25-Apr-16,10-May-16,01-Apr-16,Mobile carrier Billing
567,A24,142823.3866,25-Apr-16,10-May-16,02-Apr-16,Mobile carrier Billing
568,A25,186367.4913,25-Apr-16,10-May-16,03-Apr-16,Paytm
569,A26,254848.1587,25-Apr-16,10-May-16,04-Apr-16,Prepaid card
570,A27,49722.955,25-Jan-14,09-Feb-14,12-Jan-14,Credit card
571,A28,260703.5019,25-Jan-14,09-Feb-14,03-Jan-14,Credit card
572,A29,474616.6522,25-Jan-14,09-Feb-14,15-Jan-14,Mobile carrier Billing
573,A30,91017.40525,25-Jan-14,09-Feb-14,25-Jan-14,Mobile carrier Billing
574,A12,167967.3831,25-Jan-14,09-Feb-14,12-Jan-14,Credit card
575,A13,338818.2423,25-Jan-14,09-Feb-14,03-Jan-14,Mobile carrier Billing
576,A14,371166.0845,25-Jan-14,09-Feb-14,15-Jan-14,Mobile carrier Billing
577,A15,221938.9178,25-Jan-14,09-Feb-14,25-Jan-14,Credit card
578,A16,259476.0108,25-Jan-14,09-Feb-14,12-Jan-14,Paypal wallet
579,A17,164177.9854,25-Jan-14,09-Feb-14,03-Jan-14,Credit card
580,A18,16745.0622,25-Jan-14,09-Feb-14,15-Jan-14,Credit card
581,A19,113187.749,25-Jan-14,09-Feb-14,25-Jan-14,Credit card
582,A20,421273.069,25-Jan-14,09-Feb-14,12-Jan-14,Mobile carrier Billing
583,A21,58773.52845,25-Jan-14,09-Feb-14,03-Jan-14,Prepaid card
584,A22,447186.8537,25-Jan-14,09-Feb-14,15-Jan-14,Prepaid card
585,A23,389028.6036,25-Jan-14,09-Feb-14,12-Jan-14,Mobile carrier Billing
586,A24,264746.8835,25-Jan-14,09-Feb-14,03-Jan-14,Credit card
587,A25,135111.759,25-Jan-14,09-Feb-14,15-Jan-14,Mobile carrier Billing
588,A26,127120.1932,25-Jan-14,09-Feb-14,25-Jan-14,Credit card
589,A27,95343.39879,25-Jan-15,09-Feb-15,17-Jan-15,Credit card
590,A28,421027.9996,25-Feb-15,12-Mar-15,23-Feb-15,Prepaid card
591,A29,101680.8648,25-Feb-15,12-Mar-15,01-Feb-15,Mobile carrier Billing
592,A30,11420.43888,25-Feb-14,12-Mar-14,05-Feb-14,Mobile carrier Billing
593,A12,265053.6432,25-Feb-15,12-Mar-15,28-Feb-15,Credit card
594,A13,307006.6786,25-Feb-15,12-Mar-15,16-Feb-15,Credit card
595,A14,207638.9077,25-Feb-15,12-Mar-15,23-Feb-15,Credit card
596,A15,281452.8971,25-Feb-15,12-Mar-15,03-Feb-15,Mobile carrier Billing
597,A16,420628.0219,25-Feb-16,11-Mar-16,04-Feb-16,Credit card
598,A17,234080.8067,25-Mar-16,09-Apr-16,25-Mar-16,Credit card
599,A18,255134.6616,25-Mar-16,09-Apr-16,31-Mar-16,Credit card
600,A19,305673.7631,25-Mar-16,09-Apr-16,23-Mar-16,Credit card
601,A20,256787.5911,25-Mar-14,09-Apr-14,19-Mar-14,Prepaid card
602,A21,195696.7461,25-Mar-16,09-Apr-16,05-Mar-16,Credit card
603,A22,88086.15598,25-Apr-15,10-May-15,04-Apr-15,Prepaid card
604,A23,371579.988,25-Apr-16,10-May-16,30-Apr-16,Credit card
605,A24,274225.6192,25-Apr-14,10-May-14,25-Apr-14,Credit card
606,A25,31305.01511,25-Apr-16,10-May-16,19-Apr-16,Mobile carrier Billing
607,A26,361839.8634,25-Apr-14,10-May-14,06-Apr-14,Debit card
608,A27,369958.8152,25-Apr-15,10-May-15,27-Apr-15,Mobile carrier Billing
609,A28,163287.4182,25-May-14,09-Jun-14,05-May-14,Paytm
610,A29,377657.8082,25-May-16,09-Jun-16,06-May-16,Paytm
611,A30,371565.9354,25-May-15,09-Jun-15,07-May-15,Mobile carrier Billing
612,A21,354764.44,25-May-16,09-Jun-16,08-May-16,Credit card
613,A22,314031.867,25-May-15,09-Jun-15,09-May-15,Mobile carrier Billing
614,A23,117726.8317,25-May-16,09-Jun-16,10-May-16,Credit card
615,A24,269516.6183,25-Jul-16,09-Aug-16,11-Jul-16,Debit card
616,A25,494235.1733,25-Aug-15,09-Sep-15,12-Aug-15,Mobile carrier Billing
617,A26,348726.9307,25-May-14,09-Jun-14,05-May-14,Credit card
618,A27,101095.6214,25-May-16,09-Jun-16,06-May-16,Mobile carrier Billing
619,A28,57655.0043,25-May-15,09-Jun-15,07-May-15,Credit card
620,A29,85795.01393,25-May-16,09-Jun-16,08-May-16,Mobile carrier Billing
621,A30,19032.45802,25-May-15,09-Jun-15,09-May-15,Credit card
622,A31,281804.1467,25-May-16,09-Jun-16,10-May-16,Mobile carrier Billing
623,A32,417264.03,25-Jul-16,09-Aug-16,11-Jul-16,Credit card
624,A33,168466.0937,25-Aug-15,09-Sep-15,12-Aug-15,Credit card
625,A34,247644.387,25-Sep-14,10-Oct-14,13-Sep-14,Credit card
626,A35,153171.1924,25-Nov-15,10-Dec-15,20-Nov-15,Paytm
627,A36,18560.85691,25-Nov-16,10-Dec-16,21-Nov-16,Credit card
628,A37,131096.9642,25-Nov-15,10-Dec-15,22-Nov-15,Mobile carrier Billing
629,A38,497637.6948,25-Nov-14,10-Dec-14,23-Nov-14,Mobile carrier Billing
630,A39,203681.6171,25-May-15,09-Jun-15,24-May-15,Credit card
631,A40,472703.4319,25-May-15,09-Jun-15,25-May-15,Prepaid card
632,A41,233533.0341,25-May-15,09-Jun-15,26-May-15,Mobile carrier Billing
633,A42,150471.6269,25-May-15,09-Jun-15,27-May-15,Prepaid card
634,A43,260953.8771,25-May-15,09-Jun-15,28-May-15,Prepaid card
635,A44,58408.07961,25-May-15,09-Jun-15,29-May-15,Prepaid card
636,A45,96313.89349,25-May-15,09-Jun-15,30-May-15,Credit card
637,A46,329660.2508,25-May-15,09-Jun-15,31-May-15,Credit card
638,A47,479264.4669,25-Jun-15,10-Jul-15,01-Jun-15,Paytm
639,A48,282822.644,25-Jun-15,10-Jul-15,02-Jun-15,Paytm
640,A49,368291.1774,25-Jun-15,10-Jul-15,03-Jun-15,Prepaid card
641,A21,124175.4342,25-Jul-15,09-Aug-15,03-Jul-15,Prepaid card
642,A22,195740.5509,25-Aug-15,09-Sep-15,03-Aug-15,Prepaid card
643,A23,88636.41579,25-Sep-15,10-Oct-15,03-Sep-15,Paypal wallet
644,A24,287469.2406,25-Oct-15,09-Nov-15,03-Oct-15,Mobile carrier Billing
645,A25,303020.167,25-Nov-15,10-Dec-15,03-Nov-15,Mobile carrier Billing
646,A26,229660.7059,25-Dec-15,09-Jan-16,03-Dec-15,Debit card
647,A27,133791.4685,25-Jan-16,09-Feb-16,03-Jan-16,Credit card
648,A28,239941.939,25-Feb-16,11-Mar-16,03-Feb-16,Credit card
649,A29,45491.63841,25-Mar-16,09-Apr-16,03-Mar-16,Credit card
650,A30,209360.8747,25-Apr-16,10-May-16,03-Apr-16,Debit card
651,A31,85672.03687,25-May-16,09-Jun-16,03-May-16,Prepaid card
652,A32,277687.0447,25-Jun-16,10-Jul-16,03-Jun-16,Mobile carrier Billing
653,A33,50922.45832,25-Jul-16,09-Aug-16,03-Jul-16,Mobile carrier Billing
654,A34,309613.7986,25-Aug-16,09-Sep-16,03-Aug-16,Mobile carrier Billing
655,A35,197635.1742,25-Sep-16,10-Oct-16,03-Sep-16,Paytm
656,A36,206434.963,25-Oct-16,09-Nov-16,03-Oct-16,Mobile carrier Billing
657,A37,195717.5014,25-Nov-16,10-Dec-16,03-Nov-16,Mobile carrier Billing
658,A38,63345.62743,25-Dec-16,09-Jan-17,03-Dec-16,Mobile carrier Billing
659,A39,66051.59618,25-Jan-14,09-Feb-14,12-Jan-14,Credit card
660,A40,225986.3718,25-Jan-14,09-Feb-14,03-Jan-14,Prepaid card
661,A41,94640.20017,25-Jan-14,09-Feb-14,15-Jan-14,Mobile carrier Billing
662,A42,425463.7909,25-Jan-14,09-Feb-14,25-Jan-14,Credit card
663,A43,467572.6582,25-Jan-15,09-Feb-15,17-Jan-15,Mobile carrier Billing
664,A44,453841.0644,25-Feb-15,12-Mar-15,23-Feb-15,Prepaid card
665,A45,425705.0141,25-Feb-15,12-Mar-15,01-Feb-15,Credit card
666,A46,270720.7695,25-Feb-14,12-Mar-14,05-Feb-14,Mobile carrier Billing
667,A47,453689.6871,25-Feb-15,12-Mar-15,28-Feb-15,Mobile carrier Billing
668,A48,441333.9479,25-Feb-15,12-Mar-15,16-Feb-15,Paytm
669,A49,460621.7274,25-Feb-15,12-Mar-15,23-Feb-15,Prepaid card
670,A21,419279.7771,25-Feb-15,12-Mar-15,03-Feb-15,Credit card
671,A22,3087.391411,25-Feb-16,11-Mar-16,04-Feb-16,Credit card
672,A23,268529.5746,25-Mar-16,09-Apr-16,25-Mar-16,Mobile carrier Billing
673,A24,499873.1427,25-Mar-16,09-Apr-16,31-Mar-16,Mobile carrier Billing
674,A25,106583.9364,25-Mar-16,09-Apr-16,23-Mar-16,Credit card
675,A26,255990.2256,25-Mar-16,09-Apr-16,24-Mar-16,Mobile carrier Billing
676,A27,90783.97682,25-Mar-16,09-Apr-16,25-Mar-16,Mobile carrier Billing
677,A28,168271.347,25-Mar-16,09-Apr-16,26-Mar-16,Credit card
678,A29,366940.343,25-Mar-16,09-Apr-16,27-Mar-16,Paypal wallet
679,A30,310555.8845,25-Mar-16,09-Apr-16,28-Mar-16,Credit card
680,A31,370780.5013,25-Mar-16,09-Apr-16,29-Mar-16,Credit card
681,A32,195104.0437,25-Mar-16,09-Apr-16,30-Mar-16,Credit card
682,A33,399500.5223,25-Mar-16,09-Apr-16,31-Mar-16,Mobile carrier Billing
683,A34,4364.982556,25-Apr-16,10-May-16,01-Apr-16,Prepaid card
684,A35,451511.972,25-Apr-16,10-May-16,02-Apr-16,Prepaid card
685,A36,143216.5225,25-Apr-16,10-May-16,03-Apr-16,Mobile carrier Billing
686,A37,136665.2189,25-Apr-16,10-May-16,04-Apr-16,Credit card
687,A38,339671.1288,25-Jan-14,09-Feb-14,12-Jan-14,Mobile carrier Billing
688,A39,178044.9487,25-Jan-14,09-Feb-14,03-Jan-14,Credit card
689,A40,14368.09553,25-Jan-14,09-Feb-14,15-Jan-14,Credit card
690,A41,79974.07074,25-Jan-14,09-Feb-14,25-Jan-14,Prepaid card
691,A42,433900.2972,25-Jan-14,09-Feb-14,12-Jan-14,Mobile carrier Billing
692,A43,45291.16659,25-Jan-14,09-Feb-14,03-Jan-14,Mobile carrier Billing
693,A44,146675.8255,25-Jan-14,09-Feb-14,15-Jan-14,Credit card
694,A45,157129.0725,25-Jan-14,09-Feb-14,25-Jan-14,Credit card
695,A46,83864.47299,25-Jan-14,09-Feb-14,12-Jan-14,Credit card
696,A47,45259.83071,25-Jan-14,09-Feb-14,03-Jan-14,Mobile carrier Billing
697,A48,180892.6442,25-Jan-14,09-Feb-14,15-Jan-14,Credit card
698,A49,287457.6734,25-Jan-14,09-Feb-14,25-Jan-14,Credit card
699,A21,375767.2527,25-Jan-14,09-Feb-14,12-Jan-14,Credit card
700,A22,68261.60611,25-Jan-14,09-Feb-14,03-Jan-14,Credit card
701,A23,21067.99274,25-Jan-14,09-Feb-14,15-Jan-14,Prepaid card
702,A24,138014.3395,25-Jan-14,09-Feb-14,12-Jan-14,Credit card
703,A25,197542.3557,25-Jan-14,09-Feb-14,03-Jan-14,Prepaid card
704,A26,384254.378,25-Jan-14,09-Feb-14,15-Jan-14,Credit card
705,A27,316950.0003,25-Jan-14,09-Feb-14,25-Jan-14,Credit card
706,A28,140255.912,25-Jan-15,09-Feb-15,17-Jan-15,Mobile carrier Billing
707,A29,169520.7559,25-Feb-15,12-Mar-15,23-Feb-15,Debit card
708,A30,242431.5196,25-Feb-15,12-Mar-15,01-Feb-15,Mobile carrier Billing
709,A31,369262.5859,25-Feb-14,12-Mar-14,05-Feb-14,Paytm
710,A32,201519.0806,25-Feb-15,12-Mar-15,28-Feb-15,Paytm
711,A33,348863.7285,25-Feb-15,12-Mar-15,16-Feb-15,Mobile carrier Billing
712,A34,354052.6214,25-Feb-15,12-Mar-15,23-Feb-15,Credit card
713,A35,497412.2468,25-Feb-15,12-Mar-15,03-Feb-15,Mobile carrier Billing
714,A36,447310.0965,25-Feb-16,11-Mar-16,04-Feb-16,Credit card
715,A37,422809.4854,25-Mar-16,09-Apr-16,25-Mar-16,Debit card
716,A38,240976.4383,25-Mar-16,09-Apr-16,31-Mar-16,Mobile carrier Billing
717,A39,238728.2939,25-Mar-16,09-Apr-16,23-Mar-16,Credit card
718,A40,478735.8721,25-Mar-14,09-Apr-14,19-Mar-14,Mobile carrier Billing
719,A41,36753.07007,25-Mar-16,09-Apr-16,05-Mar-16,Credit card
720,A42,263200.6159,25-Apr-15,10-May-15,04-Apr-15,Mobile carrier Billing
721,A43,474609.6848,25-Apr-16,10-May-16,30-Apr-16,Credit card
722,A44,401789.6549,25-Apr-14,10-May-14,25-Apr-14,Mobile carrier Billing
723,A45,173117.999,25-Apr-16,10-May-16,19-Apr-16,Credit card
724,A46,376080.1011,25-Apr-14,10-May-14,06-Apr-14,Credit card
725,A47,166988.0454,25-Apr-15,10-May-15,27-Apr-15,Credit card
726,A48,123576.3391,25-May-14,09-Jun-14,05-May-14,Paytm
727,A49,3392.430254,25-May-16,09-Jun-16,06-May-16,Credit card
728,A21,324454.9876,25-May-15,09-Jun-15,07-May-15,Mobile carrier Billing
729,A22,176035.2493,25-May-16,09-Jun-16,08-May-16,Mobile carrier Billing
730,A23,398302.2342,25-May-15,09-Jun-15,09-May-15,Credit card
731,A24,282251.392,25-May-16,09-Jun-16,10-May-16,Prepaid card
732,A25,224069.9315,25-Jul-16,09-Aug-16,11-Jul-16,Mobile carrier Billing
733,A26,27331.66319,25-Aug-15,09-Sep-15,12-Aug-15,Prepaid card
734,A27,279675.3531,25-May-14,09-Jun-14,05-May-14,Prepaid card
735,A28,107817.5418,25-May-16,09-Jun-16,06-May-16,Prepaid card
736,A29,315892.7374,25-May-15,09-Jun-15,07-May-15,Credit card
737,A30,432046.7469,25-May-16,09-Jun-16,08-May-16,Credit card
738,A31,74306.91919,25-May-15,09-Jun-15,09-May-15,Paytm
739,A32,358238.3833,25-May-16,09-Jun-16,10-May-16,Paytm
740,A33,69312.46762,25-Jul-16,09-Aug-16,11-Jul-16,Prepaid card
741,A34,199534.5526,25-Aug-15,09-Sep-15,12-Aug-15,Prepaid card
742,A35,297765.4805,25-Sep-14,10-Oct-14,13-Sep-14,Prepaid card
743,A36,281942.2506,25-Nov-15,10-Dec-15,20-Nov-15,Paypal wallet
744,A37,162070.9515,25-Nov-16,10-Dec-16,21-Nov-16,Mobile carrier Billing
745,A38,232616.6278,25-Nov-15,10-Dec-15,22-Nov-15,Mobile carrier Billing
746,A39,128927.4079,25-Nov-14,10-Dec-14,23-Nov-14,Debit card
747,A40,141696.5767,25-May-15,09-Jun-15,24-May-15,Credit card
748,A41,419253.9151,25-May-15,09-Jun-15,25-May-15,Credit card
749,A42,40560.52956,25-May-15,09-Jun-15,26-May-15,Credit card
750,A43,251437.4852,25-May-15,09-Jun-15,27-May-15,Debit card
751,A44,56671.87932,25-May-15,09-Jun-15,28-May-15,Prepaid card
752,A45,412917.7125,25-May-15,09-Jun-15,29-May-15,Mobile carrier Billing
753,A46,330148.16,25-May-15,09-Jun-15,30-May-15,Mobile carrier Billing
754,A47,279970.0671,25-May-15,09-Jun-15,31-May-15,Mobile carrier Billing
755,A48,193231.9265,25-Jun-15,10-Jul-15,01-Jun-15,Paytm
756,A49,449843.1591,25-Jun-15,10-Jul-15,02-Jun-15,Mobile carrier Billing
757,A21,461406.1071,25-Jun-15,10-Jul-15,03-Jun-15,Mobile carrier Billing
758,A22,211197.7839,25-Jul-15,09-Aug-15,03-Jul-15,Mobile carrier Billing
759,A23,282390.5686,25-Aug-15,09-Sep-15,03-Aug-15,Credit card
760,A24,73046.26896,25-Sep-15,10-Oct-15,03-Sep-15,Prepaid card
761,A25,382114.5208,25-Oct-15,09-Nov-15,03-Oct-15,Mobile carrier Billing
762,A26,475059.5838,25-Nov-15,10-Dec-15,03-Nov-15,Credit card
763,A27,54164.55888,25-Dec-15,09-Jan-16,03-Dec-15,Mobile carrier Billing
764,A28,273293.1643,25-Jan-16,09-Feb-16,03-Jan-16,Prepaid card
765,A29,444712.0222,25-Feb-16,11-Mar-16,03-Feb-16,Credit card
766,A30,30317.73858,25-Mar-16,09-Apr-16,03-Mar-16,Mobile carrier Billing
767,A31,169787.4588,25-Apr-16,10-May-16,03-Apr-16,Mobile carrier Billing
768,A32,408758.4159,25-May-16,09-Jun-16,03-May-16,Paytm
769,A33,496284.8565,25-Jun-16,10-Jul-16,03-Jun-16,Prepaid card
770,A34,96731.87014,25-Jul-16,09-Aug-16,03-Jul-16,Credit card
771,A35,1992.049108,25-Aug-16,09-Sep-16,03-Aug-16,Credit card
772,A36,205630.7637,25-Sep-16,10-Oct-16,03-Sep-16,Mobile carrier Billing
773,A37,202172.6528,25-Oct-16,09-Nov-16,03-Oct-16,Mobile carrier Billing
774,A38,248071.2364,25-Nov-16,10-Dec-16,03-Nov-16,Credit card
775,A39,443270.9157,25-Dec-16,09-Jan-17,03-Dec-16,Mobile carrier Billing
776,A40,103990.2476,25-Jan-14,09-Feb-14,12-Jan-14,Mobile carrier Billing
777,A41,71269.96508,25-Jan-14,09-Feb-14,03-Jan-14,Credit card
778,A42,266574.0274,25-Jan-14,09-Feb-14,15-Jan-14,Paypal wallet
779,A43,160323.2812,25-Jan-14,09-Feb-14,25-Jan-14,Credit card
780,A44,315184.4975,25-Jan-15,09-Feb-15,17-Jan-15,Credit card
781,A45,498205.4916,25-Feb-15,12-Mar-15,23-Feb-15,Credit card
782,A46,329227.4536,25-Feb-15,12-Mar-15,01-Feb-15,Mobile carrier Billing
783,A47,324972.075,25-Feb-14,12-Mar-14,05-Feb-14,Prepaid card
784,A48,421294.9571,25-Feb-15,12-Mar-15,28-Feb-15,Prepaid card
785,A49,429011.5055,25-Feb-15,12-Mar-15,16-Feb-15,Mobile carrier Billing
786,A21,343812.1566,25-Feb-15,12-Mar-15,23-Feb-15,Credit card
787,A22,393533.5891,25-Feb-15,12-Mar-15,03-Feb-15,Mobile carrier Billing
788,A23,130520.5635,25-Feb-16,11-Mar-16,04-Feb-16,Credit card
789,A24,263350.4502,25-Mar-16,09-Apr-16,25-Mar-16,Credit card
790,A25,307541.3385,25-Mar-16,09-Apr-16,31-Mar-16,Prepaid card
791,A26,273689.2143,25-Mar-16,09-Apr-16,23-Mar-16,Mobile carrier Billing
792,A27,400681.9428,25-Mar-16,09-Apr-16,24-Mar-16,Mobile carrier Billing
793,A28,310954.366,25-Mar-16,09-Apr-16,25-Mar-16,Credit card
794,A29,346229.5746,25-Mar-16,09-Apr-16,26-Mar-16,Credit card
795,A30,173092.6583,25-Mar-16,09-Apr-16,27-Mar-16,Credit card
796,A31,75341.61994,25-Mar-16,09-Apr-16,28-Mar-16,Mobile carrier Billing
797,A32,15218.03777,25-Mar-16,09-Apr-16,29-Mar-16,Credit card
798,A33,94459.83861,25-Mar-16,09-Apr-16,30-Mar-16,Credit card
799,A34,340662.9512,25-Mar-16,09-Apr-16,31-Mar-16,Credit card
800,A35,43553.68882,25-Apr-16,10-May-16,01-Apr-16,Credit card
801,A36,123023.1315,25-Apr-16,10-May-16,02-Apr-16,Prepaid card
802,A37,61708.85985,25-Apr-16,10-May-16,03-Apr-16,Credit card
803,A38,413364.8764,25-Apr-16,10-May-16,04-Apr-16,Prepaid card
804,A39,494632.0827,25-Jan-14,09-Feb-14,12-Jan-14,Credit card
805,A40,461196.3218,25-Jan-14,09-Feb-14,03-Jan-14,Credit card
806,A41,94443.01602,25-Jan-14,09-Feb-14,15-Jan-14,Mobile carrier Billing
807,A42,299257.9527,25-Jan-14,09-Feb-14,25-Jan-14,Debit card
808,A43,483816.455,25-Jan-14,09-Feb-14,12-Jan-14,Mobile carrier Billing
809,A44,420485.8348,25-Jan-14,09-Feb-14,03-Jan-14,Paytm
810,A45,379366.5694,25-Jan-14,09-Feb-14,15-Jan-14,Paytm
811,A46,498235.6358,25-Jan-14,09-Feb-14,25-Jan-14,Mobile carrier Billing
812,A47,439229.3798,25-Jan-14,09-Feb-14,12-Jan-14,Credit card
813,A48,448365.3468,25-Jan-14,09-Feb-14,03-Jan-14,Mobile carrier Billing
814,A49,489952.8613,25-Jan-14,09-Feb-14,15-Jan-14,Credit card
815,A21,441349.1914,25-Jan-14,09-Feb-14,25-Jan-14,Debit card
816,A22,306665.3391,25-Jan-14,09-Feb-14,12-Jan-14,Mobile carrier Billing
817,A23,394040.1408,25-Jan-14,09-Feb-14,03-Jan-14,Credit card
818,A24,496497.6986,25-Jan-14,09-Feb-14,15-Jan-14,Mobile carrier Billing
819,A25,331732.8876,25-Jan-14,09-Feb-14,12-Jan-14,Credit card
820,A26,148883.1192,25-Jan-14,09-Feb-14,03-Jan-14,Mobile carrier Billing
821,A27,189088.8372,25-Jan-14,09-Feb-14,15-Jan-14,Credit card
822,A28,64854.47359,25-Jan-14,09-Feb-14,25-Jan-14,Mobile carrier Billing
823,A29,130087.3144,25-Jan-15,09-Feb-15,17-Jan-15,Credit card
824,A30,345857.1763,25-Feb-15,12-Mar-15,23-Feb-15,Credit card
825,A31,352422.233,25-Feb-15,12-Mar-15,01-Feb-15,Credit card
826,A32,448894.1198,25-Feb-14,12-Mar-14,05-Feb-14,Paytm
827,A33,373771.1619,25-Feb-15,12-Mar-15,28-Feb-15,Credit card
828,A34,153683.2709,25-Feb-15,12-Mar-15,16-Feb-15,Mobile carrier Billing
829,A35,269820.7316,25-Feb-15,12-Mar-15,23-Feb-15,Mobile carrier Billing
830,A36,226107.6506,25-Feb-15,12-Mar-15,03-Feb-15,Credit card
831,A37,27564.20309,25-Feb-16,11-Mar-16,04-Feb-16,Prepaid card
832,A38,85097.18278,25-Mar-16,09-Apr-16,25-Mar-16,Mobile carrier Billing
833,A39,59881.13585,25-Mar-16,09-Apr-16,31-Mar-16,Prepaid card
834,A40,196807.5168,25-Mar-16,09-Apr-16,23-Mar-16,Prepaid card
835,A41,28520.70647,25-Mar-14,09-Apr-14,19-Mar-14,Prepaid card
836,A42,299944.8543,25-Mar-16,09-Apr-16,05-Mar-16,Credit card
837,A43,231560.8143,25-Apr-15,10-May-15,04-Apr-15,Credit card
838,A44,322010.9928,25-Apr-16,10-May-16,30-Apr-16,Paytm
839,A45,340405.7852,25-Apr-14,10-May-14,25-Apr-14,Paytm
840,A46,437275.6427,25-Apr-16,10-May-16,19-Apr-16,Prepaid card
841,A47,322474.7196,25-Apr-14,10-May-14,06-Apr-14,Prepaid card
842,A48,344935.2691,25-Apr-15,10-May-15,27-Apr-15,Prepaid card
843,A49,89946.13039,25-May-14,09-Jun-14,05-May-14,Paypal wallet
844,A21,431808.3359,25-May-16,09-Jun-16,06-May-16,Mobile carrier Billing
845,A22,96567.86191,25-May-15,09-Jun-15,07-May-15,Mobile carrier Billing
846,A23,395729.5853,25-May-16,09-Jun-16,08-May-16,Debit card
847,A24,363152.2512,25-May-15,09-Jun-15,09-May-15,Credit card
848,A25,309816.7126,25-May-16,09-Jun-16,10-May-16,Credit card
849,A26,6733.085866,25-Jul-16,09-Aug-16,11-Jul-16,Credit card
850,A27,118818.4188,25-Aug-15,09-Sep-15,12-Aug-15,Debit card
851,A28,479799.1665,25-May-14,09-Jun-14,05-May-14,Prepaid card
852,A29,414655.3075,25-May-16,09-Jun-16,06-May-16,Mobile carrier Billing
853,A30,345119.6977,25-May-15,09-Jun-15,07-May-15,Mobile carrier Billing
854,A31,380525.8264,25-May-16,09-Jun-16,08-May-16,Mobile carrier Billing
855,A32,245293.868,25-May-15,09-Jun-15,09-May-15,Paytm
856,A33,98384.25587,25-May-16,09-Jun-16,10-May-16,Mobile carrier Billing
857,A34,437996.3375,25-Jul-16,09-Aug-16,11-Jul-16,Mobile carrier Billing
858,A35,9202.401839,25-Aug-15,09-Sep-15,12-Aug-15,Mobile carrier Billing
859,A36,357769.6685,25-Sep-14,10-Oct-14,13-Sep-14,Credit card
860,A37,93261.50364,25-Nov-15,10-Dec-15,20-Nov-15,Prepaid card
861,A38,216964.6664,25-Nov-16,10-Dec-16,21-Nov-16,Mobile carrier Billing
862,A39,442554.1673,25-Nov-15,10-Dec-15,22-Nov-15,Credit card
863,A40,1077.132559,25-Nov-14,10-Dec-14,23-Nov-14,Mobile carrier Billing
864,A41,56216.77563,25-May-15,09-Jun-15,24-May-15,Prepaid card
865,A42,304124.9345,25-May-15,09-Jun-15,25-May-15,Credit card
866,A43,430285.3764,25-May-15,09-Jun-15,26-May-15,Mobile carrier Billing
867,A44,393923.2656,25-May-15,09-Jun-15,27-May-15,Mobile carrier Billing
868,A45,108572.0509,25-May-15,09-Jun-15,28-May-15,Paytm
869,A46,221140.4467,25-May-15,09-Jun-15,29-May-15,Prepaid card
870,A47,279936.635,25-May-15,09-Jun-15,30-May-15,Credit card
871,A48,48440.36141,25-May-15,09-Jun-15,31-May-15,Credit card
872,A49,416988.4379,25-Jun-15,10-Jul-15,01-Jun-15,Mobile carrier Billing
873,A21,57003.64577,25-Jun-15,10-Jul-15,02-Jun-15,Mobile carrier Billing
874,A22,317595.9449,25-Jun-15,10-Jul-15,03-Jun-15,Credit card
875,A23,364386.0434,25-Jul-15,09-Aug-15,03-Jul-15,Mobile carrier Billing
876,A24,388976.7543,25-Aug-15,09-Sep-15,03-Aug-15,Mobile carrier Billing
877,A25,284875.7789,25-Sep-15,10-Oct-15,03-Sep-15,Credit card
878,A26,168510.872,25-Oct-15,09-Nov-15,03-Oct-15,Paypal wallet
879,A27,423335.1941,25-Nov-15,10-Dec-15,03-Nov-15,Credit card
880,A28,78923.09351,25-Dec-15,09-Jan-16,03-Dec-15,Credit card
881,A29,275925.4753,25-Jan-16,09-Feb-16,03-Jan-16,Credit card
882,A30,439717.7475,25-Feb-16,11-Mar-16,03-Feb-16,Mobile carrier Billing
883,A31,372254.4931,25-Mar-16,09-Apr-16,03-Mar-16,Prepaid card
884,A32,138725.9274,25-Apr-16,10-May-16,03-Apr-16,Prepaid card
885,A33,397220.131,25-May-16,09-Jun-16,03-May-16,Mobile carrier Billing
886,A34,480982.6801,25-Jun-16,10-Jul-16,03-Jun-16,Credit card
887,A35,190915.5201,25-Jul-16,09-Aug-16,03-Jul-16,Mobile carrier Billing
888,A36,271955.2806,25-Aug-16,09-Sep-16,03-Aug-16,Credit card
889,A37,208464.1118,25-Sep-16,10-Oct-16,03-Sep-16,Credit card
890,A38,107652.5796,25-Oct-16,09-Nov-16,03-Oct-16,Prepaid card
891,A39,153933.977,25-Nov-16,10-Dec-16,03-Nov-16,Mobile carrier Billing
892,A40,398051.2614,25-Dec-16,09-Jan-17,03-Dec-16,Mobile carrier Billing
893,A41,44160.79122,25-Jan-14,09-Feb-14,12-Jan-14,Credit card
894,A42,98636.34599,25-Jan-14,09-Feb-14,03-Jan-14,Credit card
895,A43,167617.9677,25-Jan-14,09-Feb-14,15-Jan-14,Credit card
896,A44,102021.6325,25-Jan-14,09-Feb-14,25-Jan-14,Mobile carrier Billing
897,A45,134409.0459,25-Jan-15,09-Feb-15,17-Jan-15,Credit card
898,A46,363616.2362,25-Feb-15,12-Mar-15,23-Feb-15,Credit card
899,A47,459781.1004,25-Feb-15,12-Mar-15,01-Feb-15,Credit card
900,A48,86847.17921,25-Feb-14,12-Mar-14,05-Feb-14,Credit card
901,A49,298356.375,25-Feb-15,12-Mar-15,28-Feb-15,Prepaid card
902,A21,162309.2545,25-Feb-15,12-Mar-15,16-Feb-15,Credit card
903,A22,52029.76073,25-Feb-15,12-Mar-15,23-Feb-15,Prepaid card
904,A23,79093.47602,25-Feb-15,12-Mar-15,03-Feb-15,Credit card
905,A24,341622.9687,25-Feb-16,11-Mar-16,04-Feb-16,Credit card
906,A25,118080.1356,25-Mar-16,09-Apr-16,25-Mar-16,Mobile carrier Billing
907,A26,451803.7872,25-Mar-16,09-Apr-16,31-Mar-16,Debit card
908,A27,71003.32471,25-Mar-16,09-Apr-16,23-Mar-16,Mobile carrier Billing
909,A28,34774.84003,25-Mar-16,09-Apr-16,24-Mar-16,Paytm
910,A29,399062.2734,25-Mar-16,09-Apr-16,25-Mar-16,Paytm
911,A30,119868.5707,25-Mar-16,09-Apr-16,26-Mar-16,Mobile carrier Billing
912,A31,419792.3754,25-Mar-16,09-Apr-16,27-Mar-16,Credit card
913,A32,378155.5492,25-Mar-16,09-Apr-16,28-Mar-16,Mobile carrier Billing
914,A33,443811.6376,25-Mar-16,09-Apr-16,29-Mar-16,Credit card
915,A34,425021.0221,25-Mar-16,09-Apr-16,30-Mar-16,Debit card
916,A35,98385.92357,25-Mar-16,09-Apr-16,31-Mar-16,Mobile carrier Billing
917,A36,410654.4496,25-Apr-16,10-May-16,01-Apr-16,Credit card
918,A37,441570.1148,25-Apr-16,10-May-16,02-Apr-16,Mobile carrier Billing
919,A38,455396.6663,25-Apr-16,10-May-16,03-Apr-16,Credit card
920,A39,150536.595,25-Apr-16,10-May-16,04-Apr-16,Mobile carrier Billing
921,A40,225554.6131,25-Jan-14,09-Feb-14,12-Jan-14,Credit card
922,A41,261121.4573,25-Jan-14,09-Feb-14,03-Jan-14,Mobile carrier Billing
923,A42,240658.4163,25-Jan-14,09-Feb-14,15-Jan-14,Credit card
924,A43,261502.3712,25-Jan-14,09-Feb-14,25-Jan-14,Credit card
925,A44,100793.013,25-Jan-14,09-Feb-14,12-Jan-14,Credit card
926,A45,184391.7089,25-Jan-14,09-Feb-14,03-Jan-14,Paytm
927,A46,171826.2442,25-Jan-14,09-Feb-14,15-Jan-14,Credit card
928,A47,280076.955,25-Jan-14,09-Feb-14,25-Jan-14,Mobile carrier Billing
929,A48,397423.1598,25-Jan-14,09-Feb-14,12-Jan-14,Mobile carrier Billing
930,A49,355819.7116,25-Jan-14,09-Feb-14,03-Jan-14,Credit card
931,A21,50598.72896,25-Jan-14,09-Feb-14,15-Jan-14,Prepaid card
932,A22,52337.46409,25-Jan-14,09-Feb-14,25-Jan-14,Mobile carrier Billing
933,A23,53678.54172,25-Jan-14,09-Feb-14,12-Jan-14,Prepaid card
934,A24,370352.1869,25-Jan-14,09-Feb-14,03-Jan-14,Prepaid card
935,A25,39139.84504,25-Jan-14,09-Feb-14,15-Jan-14,Prepaid card
936,A26,209333.3797,25-Jan-14,09-Feb-14,12-Jan-14,Credit card
937,A27,34918.56214,25-Jan-14,09-Feb-14,03-Jan-14,Credit card
938,A28,235553.505,25-Jan-14,09-Feb-14,15-Jan-14,Paytm
939,A29,78111.2151,25-Jan-14,09-Feb-14,25-Jan-14,Paytm
940,A30,278745.5251,25-Jan-15,09-Feb-15,17-Jan-15,Prepaid card
941,A31,173544.3493,25-Feb-15,12-Mar-15,23-Feb-15,Prepaid card
942,A32,468321.4566,25-Feb-15,12-Mar-15,01-Feb-15,Prepaid card
943,A33,444239.7538,25-Feb-14,12-Mar-14,05-Feb-14,Paypal wallet
944,A34,9851.790595,25-Feb-15,12-Mar-15,28-Feb-15,Mobile carrier Billing
945,A35,199275.8315,25-Feb-15,12-Mar-15,16-Feb-15,Mobile carrier Billing
946,A36,359126.3344,25-Feb-15,12-Mar-15,23-Feb-15,Debit card
947,A37,386135.8548,25-Feb-15,12-Mar-15,03-Feb-15,Credit card
948,A38,94740.28456,25-Feb-16,11-Mar-16,04-Feb-16,Credit card
949,A39,498988.352,25-Mar-16,09-Apr-16,25-Mar-16,Credit card
950,A40,36327.90152,25-Mar-16,09-Apr-16,31-Mar-16,Debit card
951,A41,136889.3159,25-Mar-16,09-Apr-16,23-Mar-16,Prepaid card
952,A42,197666.3468,25-Mar-14,09-Apr-14,19-Mar-14,Mobile carrier Billing
953,A43,89753.288,25-Mar-16,09-Apr-16,05-Mar-16,Mobile carrier Billing
954,A44,114102.7303,25-Apr-15,10-May-15,04-Apr-15,Mobile carrier Billing
955,A45,274283.454,25-Apr-16,10-May-16,30-Apr-16,Paytm
956,A46,496396.9124,25-Apr-14,10-May-14,25-Apr-14,Mobile carrier Billing
957,A47,232674.0357,25-Apr-16,10-May-16,19-Apr-16,Mobile carrier Billing
958,A48,132384.2376,25-Apr-14,10-May-14,06-Apr-14,Mobile carrier Billing
959,A49,474782.9586,25-Apr-15,10-May-15,27-Apr-15,Credit card
960,A21,484056.2778,25-May-14,09-Jun-14,05-May-14,Prepaid card
961,A22,447125.3563,25-May-16,09-Jun-16,06-May-16,Mobile carrier Billing
962,A23,137958.2709,25-May-15,09-Jun-15,07-May-15,Credit card
963,A24,123223.8615,25-May-16,09-Jun-16,08-May-16,Mobile carrier Billing
964,A25,90052.39822,25-May-15,09-Jun-15,09-May-15,Prepaid card
965,A26,171282.3192,25-May-16,09-Jun-16,10-May-16,Credit card
966,A27,146800.1038,25-Jul-16,09-Aug-16,11-Jul-16,Mobile carrier Billing
967,A28,378580.3757,25-Aug-15,09-Sep-15,12-Aug-15,Mobile carrier Billing
968,A29,244744.6806,25-May-14,09-Jun-14,05-May-14,Paytm
969,A30,229435.7314,25-May-16,09-Jun-16,06-May-16,Prepaid card
970,A31,354896.0076,25-May-15,09-Jun-15,07-May-15,Credit card
971,A32,259118.5213,25-May-16,09-Jun-16,08-May-16,Credit card
972,A33,429435.7285,25-May-15,09-Jun-15,09-May-15,Mobile carrier Billing
973,A34,357502.8883,25-May-16,09-Jun-16,10-May-16,Mobile carrier Billing
974,A35,398695.4172,25-Jul-16,09-Aug-16,11-Jul-16,Credit card
975,A36,107532.972,25-Aug-15,09-Sep-15,12-Aug-15,Mobile carrier Billing
976,A37,181439.3621,25-Sep-14,10-Oct-14,13-Sep-14,Mobile carrier Billing
977,A38,13888.29567,25-Nov-15,10-Dec-15,20-Nov-15,Credit card
978,A39,364243.3943,25-Nov-16,10-Dec-16,21-Nov-16,Paypal wallet
979,A40,85068.1992,25-Nov-15,10-Dec-15,22-Nov-15,Credit card
980,A41,23397.35037,25-Nov-14,10-Dec-14,23-Nov-14,Credit card
981,A42,354581.4514,25-May-15,09-Jun-15,24-May-15,Credit card
982,A43,345459.2101,25-May-15,09-Jun-15,25-May-15,Mobile carrier Billing
983,A44,186980.0889,25-May-15,09-Jun-15,26-May-15,Prepaid card
984,A45,35187.19944,25-May-15,09-Jun-15,27-May-15,Prepaid card
985,A46,30145.35376,25-May-15,09-Jun-15,28-May-15,Mobile carrier Billing
986,A47,118523.6042,25-May-15,09-Jun-15,29-May-15,Credit card
987,A48,498909.4639,25-May-15,09-Jun-15,30-May-15,Mobile carrier Billing
988,A49,133403.84,25-May-15,09-Jun-15,31-May-15,Credit card
989,A36,123953.818,25-Jun-15,10-Jul-15,01-Jun-15,Credit card
990,A37,428.4395976,25-Jun-15,10-Jul-15,02-Jun-15,Prepaid card
991,A38,186760.6709,25-Jun-15,10-Jul-15,03-Jun-15,Mobile carrier Billing
992,A39,389470.3196,25-Jul-15,09-Aug-15,03-Jul-15,Mobile carrier Billing
993,A40,127525.5947,25-Aug-15,09-Sep-15,03-Aug-15,Credit card
994,A41,224388.5988,25-Sep-15,10-Oct-15,03-Sep-15,Credit card
995,A42,465255.8094,25-Oct-15,09-Nov-15,03-Oct-15,Credit card
996,A43,348965.2393,25-Nov-15,10-Dec-15,03-Nov-15,Mobile carrier Billing
997,A44,444232.7416,25-Dec-15,09-Jan-16,03-Dec-15,Credit card
998,A45,252354.9672,25-Jan-16,09-Feb-16,03-Jan-16,Credit card
999,A46,106968.1565,25-Feb-16,11-Mar-16,03-Feb-16,Credit card
1000,A47,177833.6981,25-Mar-16,09-Apr-16,03-Mar-16,Credit card
1001,A48,320860.6783,25-Apr-16,10-May-16,03-Apr-16,Prepaid card
1002,A49,179011.1735,25-May-16,09-Jun-16,03-May-16,Credit card
1003,A50,31096.9301,25-Jun-16,10-Jul-16,03-Jun-16,Prepaid card
1004,A51,419499.998,25-Jul-16,09-Aug-16,03-Jul-16,Credit card
1005,A52,457286.9347,25-Aug-16,09-Sep-16,03-Aug-16,Credit card
1006,A53,104523.6154,25-Sep-16,10-Oct-16,03-Sep-16,Mobile carrier Billing
1007,A54,276655.3493,25-Oct-16,09-Nov-16,03-Oct-16,Debit card
1008,A55,70442.46584,25-Nov-16,10-Dec-16,03-Nov-16,Mobile carrier Billing
1009,A56,3013.043676,25-Dec-16,09-Jan-17,03-Dec-16,Paytm
1010,A57,141229.7066,25-Jan-14,09-Feb-14,12-Jan-14,Paytm
1011,A58,19423.07345,25-Jan-14,09-Feb-14,03-Jan-14,Mobile carrier Billing
1012,A59,375005.7045,25-Jan-14,09-Feb-14,15-Jan-14,Credit card
1013,A60,265983.8009,25-Jan-14,09-Feb-14,25-Jan-14,Mobile carrier Billing
1014,A61,191046.9198,25-Jan-15,09-Feb-15,17-Jan-15,Credit card
1015,A60,357842.8567,25-Feb-15,12-Mar-15,23-Feb-15,Debit card
1016,A61,106942.5463,25-Feb-15,12-Mar-15,01-Feb-15,Mobile carrier Billing
1017,A62,186319.9314,25-Feb-14,12-Mar-14,05-Feb-14,Credit card
1018,A36,315089.4148,25-Feb-15,12-Mar-15,28-Feb-15,Mobile carrier Billing
1019,A37,75075.72628,25-Feb-15,12-Mar-15,16-Feb-15,Credit card
1020,A38,317481.9192,25-Feb-15,12-Mar-15,23-Feb-15,Mobile carrier Billing
1021,A39,86537.8545,25-Feb-15,12-Mar-15,03-Feb-15,Credit card
1022,A40,489963.4811,25-Feb-16,11-Mar-16,04-Feb-16,Mobile carrier Billing
1023,A41,465125.2586,25-Mar-16,09-Apr-16,25-Mar-16,Credit card
1024,A42,100287.3448,25-Mar-16,09-Apr-16,31-Mar-16,Credit card
1025,A43,108211.1643,25-Mar-16,09-Apr-16,23-Mar-16,Credit card
1026,A44,484731.2823,25-Mar-16,09-Apr-16,24-Mar-16,Paytm
1027,A45,295484.0957,25-Mar-16,09-Apr-16,25-Mar-16,Credit card
1028,A46,29331.62404,25-Mar-16,09-Apr-16,26-Mar-16,Mobile carrier Billing
1029,A47,299405.0297,25-Mar-16,09-Apr-16,27-Mar-16,Mobile carrier Billing
1030,A48,490585.2787,25-Mar-16,09-Apr-16,28-Mar-16,Credit card
1031,A49,13954.19245,25-Mar-16,09-Apr-16,29-Mar-16,Prepaid card
1032,A50,190289.1107,25-Mar-16,09-Apr-16,30-Mar-16,Mobile carrier Billing
1033,A51,135054.2833,25-Mar-16,09-Apr-16,31-Mar-16,Prepaid card
1034,A52,69502.78018,25-Apr-16,10-May-16,01-Apr-16,Prepaid card
1035,A53,302271.1371,25-Apr-16,10-May-16,02-Apr-16,Prepaid card
1036,A54,141044.0452,25-Apr-16,10-May-16,03-Apr-16,Credit card
1037,A55,185662.8393,25-Apr-16,10-May-16,04-Apr-16,Credit card
1038,A56,64969.30514,25-Jan-14,09-Feb-14,12-Jan-14,Paytm
1039,A57,275193.7063,25-Jan-14,09-Feb-14,03-Jan-14,Paytm
1040,A58,391088.6759,25-Jan-14,09-Feb-14,15-Jan-14,Prepaid card
1041,A59,220559.4104,25-Jan-14,09-Feb-14,25-Jan-14,Prepaid card
1042,A60,404436.498,25-Jan-14,09-Feb-14,12-Jan-14,Prepaid card
1043,A61,481421.7958,25-Jan-14,09-Feb-14,03-Jan-14,Paypal wallet
1044,A60,35733.06335,25-Jan-14,09-Feb-14,15-Jan-14,Mobile carrier Billing
1045,A61,401593.9212,25-Jan-14,09-Feb-14,25-Jan-14,Mobile carrier Billing
1046,A62,444149.5797,25-Jan-14,09-Feb-14,12-Jan-14,Debit card
1047,A36,70859.20674,25-Jan-14,09-Feb-14,03-Jan-14,Credit card
1048,A37,448989.2479,25-Jan-14,09-Feb-14,15-Jan-14,Credit card
1049,A38,114830.4741,25-Jan-14,09-Feb-14,25-Jan-14,Credit card
1050,A39,334905.3716,25-Jan-14,09-Feb-14,12-Jan-14,Debit card
1051,A40,66261.00153,25-Jan-14,09-Feb-14,03-Jan-14,Prepaid card
1052,A41,389492.1152,25-Jan-14,09-Feb-14,15-Jan-14,Mobile carrier Billing
1053,A42,274207.8748,25-Jan-14,09-Feb-14,12-Jan-14,Mobile carrier Billing
1054,A43,246555.2047,25-Jan-14,09-Feb-14,03-Jan-14,Mobile carrier Billing
1055,A44,139213.7372,25-Jan-14,09-Feb-14,15-Jan-14,Paytm
1056,A45,448285.7229,25-Jan-14,09-Feb-14,25-Jan-14,Mobile carrier Billing
1057,A46,210946.6855,25-Jan-15,09-Feb-15,17-Jan-15,Mobile carrier Billing
1058,A47,452771.3958,25-Feb-15,12-Mar-15,23-Feb-15,Mobile carrier Billing
1059,A48,412292.1037,25-Feb-15,12-Mar-15,01-Feb-15,Credit card
1060,A49,40936.09828,25-Feb-14,12-Mar-14,05-Feb-14,Prepaid card
1061,A50,97336.06134,25-Feb-15,12-Mar-15,28-Feb-15,Mobile carrier Billing
1062,A51,469499.6761,25-Feb-15,12-Mar-15,16-Feb-15,Credit card
1063,A52,221419.4945,25-Feb-15,12-Mar-15,23-Feb-15,Mobile carrier Billing
1064,A53,443016.4933,25-Feb-15,12-Mar-15,03-Feb-15,Prepaid card
1065,A54,464514.4511,25-Feb-16,11-Mar-16,04-Feb-16,Credit card
1066,A55,189655.372,25-Mar-16,09-Apr-16,25-Mar-16,Mobile carrier Billing
1067,A56,7382.508514,25-Mar-16,09-Apr-16,31-Mar-16,Mobile carrier Billing
1068,A57,21184.9124,25-Mar-16,09-Apr-16,23-Mar-16,Paytm
1069,A58,433128.9725,25-Mar-14,09-Apr-14,19-Mar-14,Prepaid card
1070,A59,244395.1525,25-Mar-16,09-Apr-16,05-Mar-16,Credit card
1071,A60,222152.0156,25-Apr-15,10-May-15,04-Apr-15,Credit card
1072,A61,334655.628,25-Apr-16,10-May-16,30-Apr-16,Mobile carrier Billing
1073,A60,465549.1626,25-Apr-14,10-May-14,25-Apr-14,Mobile carrier Billing
1074,A61,466996.9571,25-Apr-16,10-May-16,19-Apr-16,Credit card
1075,A62,211557.8432,25-Apr-14,10-May-14,06-Apr-14,Mobile carrier Billing
1076,A36,157692.3079,25-Apr-15,10-May-15,27-Apr-15,Mobile carrier Billing
1077,A37,380735.0746,25-May-14,09-Jun-14,05-May-14,Credit card
1078,A38,184272.6478,25-May-16,09-Jun-16,06-May-16,Paypal wallet
1079,A39,221689.8696,25-May-15,09-Jun-15,07-May-15,Credit card
1080,A40,476337.0704,25-May-16,09-Jun-16,08-May-16,Credit card
1081,A41,159146.0124,25-May-15,09-Jun-15,09-May-15,Credit card
1082,A42,172609.8453,25-May-16,09-Jun-16,10-May-16,Mobile carrier Billing
1083,A43,105880.0038,25-Jul-16,09-Aug-16,11-Jul-16,Prepaid card
1084,A44,271237.9969,25-Aug-15,09-Sep-15,12-Aug-15,Prepaid card
1085,A45,102230.891,25-May-14,09-Jun-14,05-May-14,Mobile carrier Billing
1086,A46,168547.9991,25-May-16,09-Jun-16,06-May-16,Credit card
1087,A47,262232.3076,25-May-15,09-Jun-15,07-May-15,Mobile carrier Billing
1088,A48,108147.5364,25-May-16,09-Jun-16,08-May-16,Credit card
1089,A49,456882.5108,25-May-15,09-Jun-15,09-May-15,Credit card
1090,A50,148419.148,25-May-16,09-Jun-16,10-May-16,Prepaid card
1091,A51,391402.8665,25-Jul-16,09-Aug-16,11-Jul-16,Mobile carrier Billing
1092,A52,351965.0804,25-Aug-15,09-Sep-15,12-Aug-15,Mobile carrier Billing
1093,A53,142514.2491,25-Sep-14,10-Oct-14,13-Sep-14,Credit card
1094,A54,274377.3456,25-Nov-15,10-Dec-15,20-Nov-15,Credit card
1095,A55,227653.1425,25-Nov-16,10-Dec-16,21-Nov-16,Credit card
1096,A56,462490.1504,25-Nov-15,10-Dec-15,22-Nov-15,Mobile carrier Billing
1097,A57,146895.9854,25-Nov-14,10-Dec-14,23-Nov-14,Credit card
1098,A58,25993.73656,25-May-15,09-Jun-15,24-May-15,Credit card
1099,A59,482073.351,25-May-15,09-Jun-15,25-May-15,Credit card
1100,A60,442973.4052,25-May-15,09-Jun-15,26-May-15,Credit card
1101,A61,235658.0263,25-May-15,09-Jun-15,27-May-15,Prepaid card
1102,A60,469287.9122,25-May-15,09-Jun-15,28-May-15,Credit card
1103,A61,302590.2328,25-May-15,09-Jun-15,29-May-15,Prepaid card
1104,A62,222026.6315,25-May-15,09-Jun-15,30-May-15,Credit card
1105,A36,207776.9337,25-May-15,09-Jun-15,31-May-15,Credit card
1106,A37,48488.60847,25-Jun-15,10-Jul-15,01-Jun-15,Mobile carrier Billing
1107,A38,245810.4729,25-Jun-15,10-Jul-15,02-Jun-15,Debit card
1108,A39,206385.1173,25-Jun-15,10-Jul-15,03-Jun-15,Mobile carrier Billing
1109,A40,269786.3889,25-Jul-15,09-Aug-15,03-Jul-15,Paytm
1110,A41,98836.35296,25-Aug-15,09-Sep-15,03-Aug-15,Paytm
1111,A42,29997.49218,25-Sep-15,10-Oct-15,03-Sep-15,Mobile carrier Billing
1112,A43,432287.8134,25-Oct-15,09-Nov-15,03-Oct-15,Credit card
1113,A44,442824.1101,25-Nov-15,10-Dec-15,03-Nov-15,Mobile carrier Billing
1114,A45,297365.1373,25-Dec-15,09-Jan-16,03-Dec-15,Credit card
1115,A46,469230.2406,25-Jan-16,09-Feb-16,03-Jan-16,Debit card
1116,A47,324199.072,25-Feb-16,11-Mar-16,03-Feb-16,Mobile carrier Billing
1117,A48,102841.0466,25-Mar-16,09-Apr-16,03-Mar-16,Credit card
1118,A49,440908.1037,25-Apr-16,10-May-16,03-Apr-16,Mobile carrier Billing
1119,A50,351174.9714,25-May-16,09-Jun-16,03-May-16,Credit card
1120,A51,241784.0206,25-Jun-16,10-Jul-16,03-Jun-16,Mobile carrier Billing
1121,A52,446689.9859,25-Jul-16,09-Aug-16,03-Jul-16,Credit card
1122,A53,385694.3662,25-Aug-16,09-Sep-16,03-Aug-16,Mobile carrier Billing
1123,A54,367781.4088,25-Sep-16,10-Oct-16,03-Sep-16,Credit card
1124,A55,446955.7257,25-Oct-16,09-Nov-16,03-Oct-16,Credit card
1125,A56,204398.3644,25-Nov-16,10-Dec-16,03-Nov-16,Credit card
1126,A57,200491.3397,25-Dec-16,09-Jan-17,03-Dec-16,Paytm
1127,A58,474131.3722,25-Jan-14,09-Feb-14,12-Jan-14,Credit card
1128,A59,98013.45928,25-Jan-14,09-Feb-14,03-Jan-14,Mobile carrier Billing
1129,A60,14082.91282,25-Jan-14,09-Feb-14,15-Jan-14,Mobile carrier Billing
1130,A61,56118.9453,25-Jan-14,09-Feb-14,25-Jan-14,Credit card
1131,A60,171400.035,25-Jan-15,09-Feb-15,17-Jan-15,Prepaid card
1132,A61,174373.6617,25-Feb-15,12-Mar-15,23-Feb-15,Mobile carrier Billing
1133,A62,423554.2075,25-Feb-15,12-Mar-15,01-Feb-15,Prepaid card
1134,A36,346023.7979,25-Feb-14,12-Mar-14,05-Feb-14,Prepaid card
1135,A37,293194.5141,25-Feb-15,12-Mar-15,28-Feb-15,Prepaid card
1136,A38,439862.3644,25-Feb-15,12-Mar-15,16-Feb-15,Credit card
1137,A39,173482.209,25-Feb-15,12-Mar-15,23-Feb-15,Credit card
1138,A40,81721.5888,25-Feb-15,12-Mar-15,03-Feb-15,Paytm
1139,A41,222240.7234,25-Feb-16,11-Mar-16,04-Feb-16,Paytm
1140,A42,30794.88573,25-Mar-16,09-Apr-16,25-Mar-16,Prepaid card
1141,A43,178166.1544,25-Mar-16,09-Apr-16,31-Mar-16,Prepaid card
1142,A44,461932.5252,25-Mar-16,09-Apr-16,23-Mar-16,Prepaid card
1143,A45,331270.8894,25-Mar-16,09-Apr-16,24-Mar-16,Paypal wallet
1144,A46,429248.5769,25-Mar-16,09-Apr-16,25-Mar-16,Mobile carrier Billing
1145,A47,371511.2965,25-Mar-16,09-Apr-16,26-Mar-16,Mobile carrier Billing
1146,A48,280077.4998,25-Mar-16,09-Apr-16,27-Mar-16,Debit card
1147,A49,145835.1763,25-Mar-16,09-Apr-16,28-Mar-16,Credit card
1148,A50,214307.1774,25-Mar-16,09-Apr-16,29-Mar-16,Credit card
1149,A51,373405.3788,25-Mar-16,09-Apr-16,30-Mar-16,Credit card
1150,A52,209586.3899,25-Mar-16,09-Apr-16,31-Mar-16,Debit card
1151,A53,87066.99631,25-Apr-16,10-May-16,01-Apr-16,Prepaid card
1152,A54,438288.3657,25-Apr-16,10-May-16,02-Apr-16,Mobile carrier Billing
1153,A55,251062.6848,25-Apr-16,10-May-16,03-Apr-16,Mobile carrier Billing
1154,A56,201443.1409,25-Apr-16,10-May-16,04-Apr-16,Mobile carrier Billing
1155,A57,41571.95982,25-Jan-14,09-Feb-14,12-Jan-14,Paytm
1156,A58,37304.19045,25-Jan-14,09-Feb-14,03-Jan-14,Mobile carrier Billing
1157,A59,84285.60201,25-Jan-14,09-Feb-14,15-Jan-14,Mobile carrier Billing
1158,A60,18094.29255,25-Jan-14,09-Feb-14,25-Jan-14,Mobile carrier Billing
1159,A61,41515.16064,25-Jan-14,09-Feb-14,12-Jan-14,Credit card
1160,A60,346640.7407,25-Jan-14,09-Feb-14,03-Jan-14,Prepaid card
1161,A61,230004.4408,25-Jan-14,09-Feb-14,15-Jan-14,Mobile carrier Billing
1162,A62,187637.9938,25-Jan-14,09-Feb-14,25-Jan-14,Credit card
1163,A36,133184.0411,25-Jan-14,09-Feb-14,12-Jan-14,Mobile carrier Billing
1164,A37,453147.8654,25-Jan-14,09-Feb-14,03-Jan-14,Prepaid card
1165,A38,324925.0766,25-Jan-14,09-Feb-14,15-Jan-14,Credit card
1166,A39,232125.5063,25-Jan-14,09-Feb-14,25-Jan-14,Mobile carrier Billing
1167,A40,106554.6138,25-Jan-14,09-Feb-14,12-Jan-14,Mobile carrier Billing
1168,A41,448094.1223,25-Jan-14,09-Feb-14,03-Jan-14,Paytm
1169,A42,166224.0235,25-Jan-14,09-Feb-14,15-Jan-14,Prepaid card
1170,A43,380024.8243,25-Jan-14,09-Feb-14,12-Jan-14,Credit card
1171,A44,470425.3134,25-Jan-14,09-Feb-14,03-Jan-14,Credit card
1172,A45,465818.7732,25-Jan-14,09-Feb-14,15-Jan-14,Mobile carrier Billing
1173,A46,277877.8781,25-Jan-14,09-Feb-14,25-Jan-14,Mobile carrier Billing
1174,A47,373001.7494,25-Jan-15,09-Feb-15,17-Jan-15,Credit card
1175,A48,346254.4655,25-Feb-15,12-Mar-15,23-Feb-15,Mobile carrier Billing
1176,A49,365226.2862,25-Feb-15,12-Mar-15,01-Feb-15,Mobile carrier Billing
1177,A50,312705.3873,25-Feb-14,12-Mar-14,05-Feb-14,Credit card
1178,A51,25278.2084,25-Feb-15,12-Mar-15,28-Feb-15,Paypal wallet
1179,A52,328879.2258,25-Feb-15,12-Mar-15,16-Feb-15,Credit card
1180,A53,113039.1878,25-Feb-15,12-Mar-15,23-Feb-15,Credit card
1181,A54,40244.72678,25-Feb-15,12-Mar-15,03-Feb-15,Credit card
1182,A55,189607.89,25-Feb-16,11-Mar-16,04-Feb-16,Mobile carrier Billing
1183,A56,432921.2755,25-Mar-16,09-Apr-16,25-Mar-16,Prepaid card
1184,A57,233302.8208,25-Mar-16,09-Apr-16,31-Mar-16,Prepaid card
1185,A58,44909.00921,25-Mar-16,09-Apr-16,23-Mar-16,Mobile carrier Billing
1186,A59,460099.916,25-Mar-14,09-Apr-14,19-Mar-14,Credit card
1187,A60,493278.4857,25-Mar-16,09-Apr-16,05-Mar-16,Mobile carrier Billing
1188,A61,419707.3274,25-Apr-15,10-May-15,04-Apr-15,Credit card
1189,A60,405241.7648,25-Apr-16,10-May-16,30-Apr-16,Credit card
1190,A61,385518.497,25-Apr-14,10-May-14,25-Apr-14,Prepaid card
1191,A62,426538.4075,25-Apr-16,10-May-16,19-Apr-16,Mobile carrier Billing
1192,A36,67522.28191,25-Apr-14,10-May-14,06-Apr-14,Mobile carrier Billing
1193,A37,176154.0206,25-Apr-15,10-May-15,27-Apr-15,Credit card
1194,A38,237832.4214,25-May-14,09-Jun-14,05-May-14,Credit card
1195,A39,169863.749,25-May-16,09-Jun-16,06-May-16,Credit card
1196,A40,369303.918,25-May-15,09-Jun-15,07-May-15,Mobile carrier Billing
1197,A41,323101.7929,25-May-16,09-Jun-16,08-May-16,Credit card
1198,A42,183975.7524,25-May-15,09-Jun-15,09-May-15,Credit card
1199,A43,402893.8776,25-May-16,09-Jun-16,10-May-16,Credit card
1200,A44,206168.4196,25-Jul-16,09-Aug-16,11-Jul-16,Credit card
1201,A45,409575.1606,25-Aug-15,09-Sep-15,12-Aug-15,Prepaid card
1202,A46,254983.9821,25-Jan-15,09-Feb-15,17-Jan-15,Credit card
1203,A47,432052.7664,25-Feb-15,12-Mar-15,23-Feb-15,Prepaid card
1204,A48,204991.3978,25-Feb-15,12-Mar-15,01-Feb-15,Credit card
1205,A49,390101.7748,25-Feb-14,12-Mar-14,05-Feb-14,Credit card
1206,A50,450375.0347,25-Feb-15,12-Mar-15,28-Feb-15,Mobile carrier Billing
1207,A51,241546.72,25-Feb-15,12-Mar-15,16-Feb-15,Debit card
1208,A52,46599.11107,25-Feb-15,12-Mar-15,23-Feb-15,Mobile carrier Billing
1209,A53,220395.8195,25-Feb-15,12-Mar-15,03-Feb-15,Paytm
1210,A54,181487.2363,25-Feb-16,11-Mar-16,04-Feb-16,Paytm
1211,A55,182265.6103,25-Mar-16,09-Apr-16,25-Mar-16,Mobile carrier Billing
1212,A56,13076.79906,25-Mar-16,09-Apr-16,31-Mar-16,Credit card
1213,A57,346009.83,25-Mar-16,09-Apr-16,23-Mar-16,Mobile carrier Billing
1214,A58,23530.96634,25-Mar-14,09-Apr-14,19-Mar-14,Credit card
1215,A59,99674.32754,25-Mar-16,09-Apr-16,05-Mar-16,Debit card
1216,A60,332939.2102,25-Apr-15,10-May-15,04-Apr-15,Mobile carrier Billing
1217,A61,244435.8918,25-Apr-16,10-May-16,30-Apr-16,Credit card
1218,A60,374354.7693,25-Apr-14,10-May-14,25-Apr-14,Mobile carrier Billing
1219,A61,117299.4813,25-Apr-16,10-May-16,19-Apr-16,Credit card
1220,A62,353048.9772,25-Apr-14,10-May-14,06-Apr-14,Mobile carrier Billing
1221,A36,332469.9374,25-Apr-15,10-May-15,27-Apr-15,Credit card
1222,A37,355644.4293,25-May-14,09-Jun-14,05-May-14,Mobile carrier Billing
1223,A38,474643.7621,25-May-16,09-Jun-16,06-May-16,Credit card
1224,A39,384931.2176,25-May-15,09-Jun-15,07-May-15,Credit card
1225,A40,466904.1328,25-May-16,09-Jun-16,08-May-16,Credit card
1226,A41,425768.1005,25-May-15,09-Jun-15,09-May-15,Paytm
1227,A42,143812.2713,25-May-16,09-Jun-16,10-May-16,Credit card
1228,A43,370800.5431,25-Jul-16,09-Aug-16,11-Jul-16,Mobile carrier Billing
1229,A44,116487.4608,25-Aug-15,09-Sep-15,12-Aug-15,Mobile carrier Billing
1230,A45,89375.88162,25-Sep-14,10-Oct-14,13-Sep-14,Credit card
1231,A46,167177.9099,25-Nov-15,10-Dec-15,20-Nov-15,Prepaid card
1232,A47,99385.34337,25-Nov-16,10-Dec-16,21-Nov-16,Mobile carrier Billing
1233,A48,82204.88397,25-Nov-15,10-Dec-15,22-Nov-15,Prepaid card
1234,A49,425426.5398,25-Nov-14,10-Dec-14,23-Nov-14,Prepaid card
1235,A50,473643.624,25-May-15,09-Jun-15,24-May-15,Prepaid card
1236,A51,173942.9141,25-May-15,09-Jun-15,25-May-15,Credit card
1237,A52,352133.7113,25-May-15,09-Jun-15,26-May-15,Credit card
1238,A53,1355.158352,25-May-15,09-Jun-15,27-May-15,Paytm
1239,A54,286326.1283,25-May-15,09-Jun-15,28-May-15,Paytm
1240,A55,432665.4867,25-May-15,09-Jun-15,29-May-15,Prepaid card
1241,A56,132395.529,25-May-15,09-Jun-15,30-May-15,Prepaid card
1242,A57,353836.17,25-May-15,09-Jun-15,31-May-15,Prepaid card
1243,A58,295317.1412,25-Jun-15,10-Jul-15,01-Jun-15,Paypal wallet
1244,A59,464793.7702,25-Jun-15,10-Jul-15,02-Jun-15,Mobile carrier Billing
1245,A60,18891.23057,25-Jun-15,10-Jul-15,03-Jun-15,Mobile carrier Billing
1246,A61,434983.9734,25-Jul-15,09-Aug-15,03-Jul-15,Debit card
1247,A60,114416.5063,25-Aug-15,09-Sep-15,03-Aug-15,Credit card
1248,A61,337207.4695,25-Sep-15,10-Oct-15,03-Sep-15,Credit card
1249,A62,192811.0608,25-Oct-15,09-Nov-15,03-Oct-15,Credit card
1250,A36,251565.8256,25-Nov-15,10-Dec-15,03-Nov-15,Debit card
1251,A37,264764.1693,25-Dec-15,09-Jan-16,03-Dec-15,Prepaid card
1252,A38,284228.9658,25-Jan-16,09-Feb-16,03-Jan-16,Mobile carrier Billing
1253,A39,197961.1098,25-Feb-16,11-Mar-16,03-Feb-16,Mobile carrier Billing
1254,A40,70155.37425,25-Mar-16,09-Apr-16,03-Mar-16,Mobile carrier Billing
1255,A41,103834.9028,25-Apr-16,10-May-16,03-Apr-16,Paytm
1256,A42,363346.5686,25-May-16,09-Jun-16,03-May-16,Mobile carrier Billing
1257,A43,376164.2769,25-Jun-16,10-Jul-16,03-Jun-16,Mobile carrier Billing
1258,A44,56548.78813,25-Jul-16,09-Aug-16,03-Jul-16,Mobile carrier Billing
1259,A45,286521.54,25-Aug-16,09-Sep-16,03-Aug-16,Credit card
1260,A46,18696.16796,25-Sep-16,10-Oct-16,03-Sep-16,Prepaid card
1261,A47,464933.5362,25-Oct-16,09-Nov-16,03-Oct-16,Mobile carrier Billing
1262,A48,160706.0303,25-Nov-16,10-Dec-16,03-Nov-16,Credit card
1263,A49,153005.8422,25-Dec-16,09-Jan-17,03-Dec-16,Mobile carrier Billing
1264,A50,448083.8664,25-Jan-14,09-Feb-14,12-Jan-14,Prepaid card
1265,A51,260808.5143,25-Jan-14,09-Feb-14,03-Jan-14,Credit card
1266,A52,11514.77978,25-Jan-14,09-Feb-14,15-Jan-14,Mobile carrier Billing
1267,A53,262097.875,25-Jan-14,09-Feb-14,25-Jan-14,Mobile carrier Billing
1268,A54,292398.2539,25-Jan-15,09-Feb-15,17-Jan-15,Paytm
1269,A55,193355.2382,25-Feb-15,12-Mar-15,23-Feb-15,Prepaid card
1270,A56,344748.4437,25-Feb-15,12-Mar-15,01-Feb-15,Credit card
1271,A57,261605.3456,25-Feb-14,12-Mar-14,05-Feb-14,Credit card
1272,A58,376110.899,25-Feb-15,12-Mar-15,28-Feb-15,Mobile carrier Billing
1273,A59,211579.5848,25-Feb-15,12-Mar-15,16-Feb-15,Mobile carrier Billing
1274,A60,241478.745,25-Feb-15,12-Mar-15,23-Feb-15,Credit card
1275,A61,287641.7326,25-Feb-15,12-Mar-15,03-Feb-15,Mobile carrier Billing
1276,A60,44813.87587,25-Feb-16,11-Mar-16,04-Feb-16,Mobile carrier Billing
1277,A61,479151.3978,25-Mar-16,09-Apr-16,25-Mar-16,Credit card
1278,A62,21442.62235,25-Mar-16,09-Apr-16,31-Mar-16,Paypal wallet
1279,A36,298467.6274,25-Mar-16,09-Apr-16,23-Mar-16,Credit card
1280,A37,124618.0993,25-Mar-16,09-Apr-16,24-Mar-16,Credit card
1281,A38,15590.8264,25-Mar-16,09-Apr-16,25-Mar-16,Credit card
1282,A39,60326.39797,25-Mar-16,09-Apr-16,26-Mar-16,Mobile carrier Billing
1283,A40,441447.0776,25-Mar-16,09-Apr-16,27-Mar-16,Prepaid card
1284,A41,451650.0687,25-Mar-16,09-Apr-16,28-Mar-16,Prepaid card
1285,A42,414029.4002,25-Mar-16,09-Apr-16,29-Mar-16,Mobile carrier Billing
1286,A43,403142.9974,25-Mar-16,09-Apr-16,30-Mar-16,Credit card
1287,A44,63312.61214,25-Mar-16,09-Apr-16,31-Mar-16,Mobile carrier Billing
1288,A45,200817.0656,25-Apr-16,10-May-16,01-Apr-16,Credit card
1289,A46,272920.0118,25-Apr-16,10-May-16,02-Apr-16,Credit card
1290,A47,165662.7966,25-Apr-16,10-May-16,03-Apr-16,Prepaid card
1291,A48,229737.6393,25-Apr-16,10-May-16,04-Apr-16,Mobile carrier Billing
1292,A49,61461.94704,25-Jan-14,09-Feb-14,12-Jan-14,Mobile carrier Billing
1293,A50,67890.23726,25-Jan-14,09-Feb-14,03-Jan-14,Credit card
1294,A51,138522.2811,25-Jan-14,09-Feb-14,15-Jan-14,Credit card
1295,A52,301723.2326,25-Jan-14,09-Feb-14,25-Jan-14,Credit card
1296,A53,496506.2283,25-Jan-14,09-Feb-14,12-Jan-14,Mobile carrier Billing
1297,A54,356393.5561,25-Jan-14,09-Feb-14,03-Jan-14,Credit card
1298,A55,254015.3588,25-Jan-14,09-Feb-14,15-Jan-14,Credit card
1299,A56,210921.0617,25-Jan-14,09-Feb-14,25-Jan-14,Credit card
1300,A57,63463.50667,25-Jan-14,09-Feb-14,12-Jan-14,Credit card
1301,A58,474100.7186,25-Jan-14,09-Feb-14,03-Jan-14,Prepaid card
1302,A59,52279.12353,25-Jan-14,09-Feb-14,15-Jan-14,Credit card
1303,A60,16584.45853,25-Jan-14,09-Feb-14,25-Jan-14,Prepaid card
1304,A61,257112.9195,25-Jan-14,09-Feb-14,12-Jan-14,Credit card
1305,A60,456194.9909,25-Jan-14,09-Feb-14,03-Jan-14,Credit card
1306,A61,109669.9592,25-Jan-14,09-Feb-14,15-Jan-14,Mobile carrier Billing
1307,A62,326634.5183,25-Jan-14,09-Feb-14,12-Jan-14,Debit card
1308,A36,172183.652,25-Jan-14,09-Feb-14,03-Jan-14,Mobile carrier Billing
1309,A37,13269.72209,25-Jan-14,09-Feb-14,15-Jan-14,Paytm
1310,A38,191242.2178,25-Jan-14,09-Feb-14,25-Jan-14,Paytm
1311,A39,420356.2242,25-Jan-15,09-Feb-15,17-Jan-15,Mobile carrier Billing
1312,A40,416877.8015,25-Feb-15,12-Mar-15,23-Feb-15,Credit card
1313,A41,190964.3947,25-Feb-15,12-Mar-15,01-Feb-15,Mobile carrier Billing
1314,A42,197825.007,25-Feb-14,12-Mar-14,05-Feb-14,Credit card
1315,A43,415130.9902,25-Feb-15,12-Mar-15,28-Feb-15,Debit card
1316,A44,370714.5204,25-Feb-15,12-Mar-15,16-Feb-15,Mobile carrier Billing
1317,A45,387789.0138,25-Feb-15,12-Mar-15,23-Feb-15,Credit card
1318,A46,31776.84276,25-Feb-15,12-Mar-15,03-Feb-15,Mobile carrier Billing
1319,A47,454631.2776,25-Feb-16,11-Mar-16,04-Feb-16,Credit card
1320,A48,141229.3548,25-Mar-16,09-Apr-16,25-Mar-16,Mobile carrier Billing
1321,A49,121721.1937,25-Mar-16,09-Apr-16,31-Mar-16,Credit card
1322,A50,50818.53281,25-Mar-16,09-Apr-16,23-Mar-16,Mobile carrier Billing
1323,A51,491843.2738,25-Mar-14,09-Apr-14,19-Mar-14,Credit card
1324,A52,457287.3313,25-Mar-16,09-Apr-16,05-Mar-16,Credit card
1325,A53,379749.1454,25-Apr-15,10-May-15,04-Apr-15,Credit card
1326,A54,359687.3348,25-Apr-16,10-May-16,30-Apr-16,Paytm
1327,A55,129259.8529,25-Apr-14,10-May-14,25-Apr-14,Credit card
1328,A56,99228.83646,25-Apr-16,10-May-16,19-Apr-16,Mobile carrier Billing
1329,A57,195219.0011,25-Apr-14,10-May-14,06-Apr-14,Mobile carrier Billing
1330,A58,395514.817,25-Apr-15,10-May-15,27-Apr-15,Credit card
1331,A59,175621.4372,25-May-14,09-Jun-14,05-May-14,Prepaid card
1332,A60,244363.0585,25-May-16,09-Jun-16,06-May-16,Mobile carrier Billing
1333,A61,22814.35178,25-May-15,09-Jun-15,07-May-15,Prepaid card
1334,A60,255808.0217,25-May-16,09-Jun-16,08-May-16,Prepaid card
1335,A61,429242.7505,25-May-15,09-Jun-15,09-May-15,Prepaid card
1336,A62,68373.17883,25-May-16,09-Jun-16,10-May-16,Credit card
1337,A36,196129.0974,25-Jul-16,09-Aug-16,11-Jul-16,Credit card
1338,A37,389805.9286,25-Aug-15,09-Sep-15,12-Aug-15,Paytm
1339,A38,28387.7024,25-Sep-14,10-Oct-14,13-Sep-14,Paytm
1340,A39,100324.504,25-Nov-15,10-Dec-15,20-Nov-15,Prepaid card
1341,A40,353699.4474,25-Nov-16,10-Dec-16,21-Nov-16,Prepaid card
1342,A41,261595.1661,25-Nov-15,10-Dec-15,22-Nov-15,Prepaid card
1343,A42,478737.1257,25-Nov-14,10-Dec-14,23-Nov-14,Paypal wallet
1344,A43,181739.4388,25-May-15,09-Jun-15,24-May-15,Mobile carrier Billing
1345,A44,463727.854,25-May-15,09-Jun-15,25-May-15,Mobile carrier Billing
1346,A45,478674.8575,25-May-14,09-Jun-14,05-May-14,Debit card
1347,A46,61095.23049,25-May-16,09-Jun-16,06-May-16,Credit card
1348,A47,414865.3545,25-May-15,09-Jun-15,07-May-15,Credit card
1349,A48,110298.868,25-May-16,09-Jun-16,08-May-16,Credit card
1350,A49,349450.0776,25-May-15,09-Jun-15,09-May-15,Debit card
1351,A50,219711.8902,25-May-16,09-Jun-16,10-May-16,Prepaid card
1352,A51,41954.13473,25-Jul-16,09-Aug-16,11-Jul-16,Mobile carrier Billing
1353,A52,129035.5037,25-Aug-15,09-Sep-15,12-Aug-15,Mobile carrier Billing
1354,A53,464936.712,25-Sep-14,10-Oct-14,13-Sep-14,Mobile carrier Billing
1355,A54,20591.03504,25-Nov-15,10-Dec-15,20-Nov-15,Paytm
1356,A55,373516.1174,25-Nov-16,10-Dec-16,21-Nov-16,Mobile carrier Billing
1357,A56,173503.4801,25-Nov-15,10-Dec-15,22-Nov-15,Mobile carrier Billing
1358,A57,363739.8911,25-Nov-14,10-Dec-14,23-Nov-14,Mobile carrier Billing
1359,A58,197703.0942,25-May-15,09-Jun-15,24-May-15,Credit card
1360,A59,280841.5121,25-May-15,09-Jun-15,25-May-15,Prepaid card
1361,A60,7760.547229,25-May-15,09-Jun-15,26-May-15,Mobile carrier Billing
1362,A61,166891.0027,25-May-15,09-Jun-15,27-May-15,Credit card
1363,A60,87411.93803,25-Jan-15,09-Feb-15,17-Jan-15,Mobile carrier Billing
1364,A61,384924.3977,25-Feb-15,12-Mar-15,23-Feb-15,Prepaid card
1365,A62,372999.5647,25-Feb-15,12-Mar-15,01-Feb-15,Credit card
1366,A36,174044.0213,25-Feb-14,12-Mar-14,05-Feb-14,Mobile carrier Billing
1367,A37,64313.82788,25-Feb-15,12-Mar-15,28-Feb-15,Mobile carrier Billing
1368,A38,84494.49191,25-Feb-15,12-Mar-15,16-Feb-15,Paytm
1369,A39,107583.796,25-Feb-15,12-Mar-15,23-Feb-15,Prepaid card
1370,A40,328090.42,25-Feb-15,12-Mar-15,03-Feb-15,Credit card
1371,A41,43651.43114,25-Feb-16,11-Mar-16,04-Feb-16,Credit card
1372,A42,302888.9335,25-Mar-16,09-Apr-16,25-Mar-16,Mobile carrier Billing
1373,A43,480320.5699,25-Mar-16,09-Apr-16,31-Mar-16,Mobile carrier Billing
1374,A44,120805.7343,25-Mar-16,09-Apr-16,23-Mar-16,Credit card
1375,A45,117898.117,25-Mar-14,09-Apr-14,19-Mar-14,Mobile carrier Billing
1376,A46,197261.5291,25-Mar-16,09-Apr-16,05-Mar-16,Mobile carrier Billing
1377,A47,4794.965855,25-Apr-15,10-May-15,04-Apr-15,Credit card
1378,A48,414306.2956,25-Apr-16,10-May-16,30-Apr-16,Paypal wallet
1379,A49,399795.2012,25-Apr-14,10-May-14,25-Apr-14,Credit card
1380,A50,218233.3517,25-Apr-16,10-May-16,19-Apr-16,Credit card
1381,A51,42680.12735,25-Apr-14,10-May-14,06-Apr-14,Credit card
1382,A52,247743.0775,25-Apr-15,10-May-15,27-Apr-15,Mobile carrier Billing
1383,A53,411659.9485,25-May-14,09-Jun-14,05-May-14,Prepaid card
1384,A54,56804.62824,25-May-16,09-Jun-16,06-May-16,Prepaid card
1385,A55,56922.57535,25-May-15,09-Jun-15,07-May-15,Mobile carrier Billing
1386,A56,476588.4794,25-May-16,09-Jun-16,08-May-16,Credit card
1387,A57,156199.0176,25-May-15,09-Jun-15,09-May-15,Mobile carrier Billing
1388,A58,123110.0346,25-May-16,09-Jun-16,10-May-16,Credit card
1389,A59,105771.6869,25-Jul-16,09-Aug-16,11-Jul-16,Credit card
1390,A60,366133.3557,25-Aug-15,09-Sep-15,12-Aug-15,Prepaid card
1391,A61,106010.2672,25-Sep-14,10-Oct-14,13-Sep-14,Mobile carrier Billing
1392,A60,142188.4893,25-Nov-15,10-Dec-15,20-Nov-15,Mobile carrier Billing
1393,A61,254389.3106,25-Nov-16,10-Dec-16,21-Nov-16,Credit card
1394,A62,66456.5556,25-Nov-15,10-Dec-15,22-Nov-15,Credit card
1395,A36,115232.6298,25-Nov-14,10-Dec-14,23-Nov-14,Credit card
1396,A37,262681.3852,25-May-15,09-Jun-15,24-May-15,Mobile carrier Billing
1397,A38,270053.1746,25-May-15,09-Jun-15,25-May-15,Credit card
1398,A39,297079.4132,25-May-15,09-Jun-15,26-May-15,Credit card
1399,A40,216619.0312,25-May-15,09-Jun-15,27-May-15,Credit card
1400,A41,310202.6652,25-May-15,09-Jun-15,28-May-15,Credit card
1401,A42,233429.7252,25-May-15,09-Jun-15,29-May-15,Prepaid card
1402,A43,96860.10467,25-May-15,09-Jun-15,30-May-15,Credit card
1403,A44,469447.6458,25-May-15,09-Jun-15,31-May-15,Prepaid card
1404,A45,168262.9485,25-Jun-15,10-Jul-15,01-Jun-15,Credit card
1405,A46,353793.1883,25-Jun-15,10-Jul-15,02-Jun-15,Credit card
1406,A47,225222.3396,25-Jun-15,10-Jul-15,03-Jun-15,Mobile carrier Billing
1407,A48,233329.5745,25-Jul-15,09-Aug-15,03-Jul-15,Debit card
1408,A49,75625.04748,25-Aug-15,09-Sep-15,03-Aug-15,Mobile carrier Billing
1409,A50,106356.9279,25-Sep-15,10-Oct-15,03-Sep-15,Paytm
1410,A51,475683.592,25-Oct-15,09-Nov-15,03-Oct-15,Paytm
1411,A52,260472.6824,25-Nov-15,10-Dec-15,03-Nov-15,Mobile carrier Billing
1412,A53,105818.0277,25-Dec-15,09-Jan-16,03-Dec-15,Credit card
1413,A54,91769.68938,25-Jan-16,09-Feb-16,03-Jan-16,Mobile carrier Billing
1414,A55,70232.8741,25-Feb-16,11-Mar-16,03-Feb-16,Credit card
1415,A56,183823.7206,25-Mar-16,09-Apr-16,03-Mar-16,Debit card
1416,A57,282889.5354,25-Apr-16,10-May-16,03-Apr-16,Mobile carrier Billing
1417,A58,59444.44308,25-May-16,09-Jun-16,03-May-16,Credit card
1418,A59,408024.3996,25-Jun-16,10-Jul-16,03-Jun-16,Mobile carrier Billing
1419,A60,158856.8751,25-Jul-16,09-Aug-16,03-Jul-16,Credit card
1420,A61,342290.8027,25-Aug-16,09-Sep-16,03-Aug-16,Mobile carrier Billing
1421,A60,67817.28988,25-Sep-16,10-Oct-16,03-Sep-16,Credit card
1422,A61,457128.9276,25-Oct-16,09-Nov-16,03-Oct-16,Mobile carrier Billing
1423,A62,262177.5575,25-Nov-16,10-Dec-16,03-Nov-16,Credit card
1424,A36,16205.61793,25-Dec-16,09-Jan-17,03-Dec-16,Credit card
1425,A37,398029.2686,25-Jan-14,09-Feb-14,12-Jan-14,Credit card
1426,A38,283547.614,25-Jan-14,09-Feb-14,03-Jan-14,Paytm
1427,A39,428154.0437,25-Jan-14,09-Feb-14,15-Jan-14,Credit card
1428,A40,467324.6629,25-Jan-14,09-Feb-14,25-Jan-14,Mobile carrier Billing
1429,A41,349483.4272,25-Jan-15,09-Feb-15,17-Jan-15,Mobile carrier Billing
1430,A42,7553.236945,25-Feb-15,12-Mar-15,23-Feb-15,Credit card
1431,A43,276207.5047,25-Feb-15,12-Mar-15,01-Feb-15,Prepaid card
1432,A44,456225.3483,25-Feb-14,12-Mar-14,05-Feb-14,Mobile carrier Billing
1433,A45,59552.5706,25-Feb-15,12-Mar-15,28-Feb-15,Prepaid card
1434,A46,306012.3271,25-Feb-15,12-Mar-15,16-Feb-15,Prepaid card
1435,A47,199410.2931,25-Feb-15,12-Mar-15,23-Feb-15,Prepaid card
1436,A48,358535.5676,25-Feb-15,12-Mar-15,03-Feb-15,Credit card
1437,A49,59653.37623,25-Feb-16,11-Mar-16,04-Feb-16,Credit card
1438,A50,70705.06549,25-Mar-16,09-Apr-16,25-Mar-16,Paytm
1439,A51,374200.9692,25-Mar-16,09-Apr-16,31-Mar-16,Paytm
1440,A52,92469.99618,25-Mar-16,09-Apr-16,23-Mar-16,Prepaid card
1441,A53,128374.2747,25-Mar-16,09-Apr-16,24-Mar-16,Prepaid card
1442,A54,209864.5967,25-Mar-16,09-Apr-16,25-Mar-16,Prepaid card
1443,A55,281145.8533,25-Mar-16,09-Apr-16,26-Mar-16,Paypal wallet
1444,A56,101719.0456,25-Mar-16,09-Apr-16,27-Mar-16,Mobile carrier Billing
1445,A57,447523.6247,25-Mar-16,09-Apr-16,28-Mar-16,Mobile carrier Billing
1446,A58,19772.04708,25-Mar-16,09-Apr-16,29-Mar-16,Debit card
1447,A59,294752.1517,25-Mar-16,09-Apr-16,30-Mar-16,Credit card
1448,A60,344902.0227,25-Mar-16,09-Apr-16,31-Mar-16,Credit card
1449,A61,73708.88034,25-Apr-16,10-May-16,01-Apr-16,Credit card
1450,A60,435056.0284,25-Apr-16,10-May-16,02-Apr-16,Debit card
1451,A61,388998.0102,25-Apr-16,10-May-16,03-Apr-16,Prepaid card
1452,A62,226982.7048,25-Apr-16,10-May-16,04-Apr-16,Mobile carrier Billing
1453,A63,114278.2308,25-Jan-14,09-Feb-14,12-Jan-14,Mobile carrier Billing
1454,A36,438803.2766,25-Jan-14,09-Feb-14,03-Jan-14,Mobile carrier Billing
1455,A37,149828.8529,25-Jan-14,09-Feb-14,15-Jan-14,Paytm
1456,A38,40913.35382,25-Jan-14,09-Feb-14,25-Jan-14,Mobile carrier Billing
1457,A39,286578.5319,25-Jan-14,09-Feb-14,12-Jan-14,Mobile carrier Billing
1458,A40,232720.2556,25-Jan-14,09-Feb-14,03-Jan-14,Mobile carrier Billing
1459,A41,216832.4771,25-Jan-14,09-Feb-14,15-Jan-14,Credit card
1460,A42,269955.3154,25-Jan-14,09-Feb-14,25-Jan-14,Prepaid card
1461,A43,419365.2497,25-Jan-14,09-Feb-14,12-Jan-14,Mobile carrier Billing
1462,A44,213827.1769,25-Jan-14,09-Feb-14,03-Jan-14,Credit card
1463,A45,83932.00796,25-Jan-14,09-Feb-14,15-Jan-14,Mobile carrier Billing
1464,A46,183508.6046,25-Jan-14,09-Feb-14,25-Jan-14,Prepaid card
1465,A47,491981.7648,25-Jan-14,09-Feb-14,12-Jan-14,Credit card
1466,A48,339947.7427,25-Jan-14,09-Feb-14,03-Jan-14,Mobile carrier Billing
1467,A49,114673.2073,25-Jan-14,09-Feb-14,15-Jan-14,Mobile carrier Billing
1468,A50,444898.646,25-Jan-14,09-Feb-14,12-Jan-14,Paytm
1469,A51,379412.2426,25-Jan-14,09-Feb-14,03-Jan-14,Prepaid card
1470,A52,109573.402,25-Jan-14,09-Feb-14,15-Jan-14,Credit card
1471,A53,25621.86238,25-Jan-14,09-Feb-14,25-Jan-14,Credit card
1472,A54,410091.3249,25-Jan-15,09-Feb-15,17-Jan-15,Mobile carrier Billing
1473,A55,192687.8668,25-Feb-15,12-Mar-15,23-Feb-15,Mobile carrier Billing
1474,A56,291333.4527,25-Feb-15,12-Mar-15,01-Feb-15,Credit card
1475,A57,492287.8309,25-Feb-14,12-Mar-14,05-Feb-14,Mobile carrier Billing
1476,A58,65049.01834,25-Feb-15,12-Mar-15,28-Feb-15,Mobile carrier Billing
1477,A59,404979.9036,25-Feb-15,12-Mar-15,16-Feb-15,Credit card
1478,A60,275184.762,25-Feb-15,12-Mar-15,23-Feb-15,Paypal wallet
1479,A61,384407.596,25-Feb-15,12-Mar-15,03-Feb-15,Credit card
1480,A60,57226.52111,25-Feb-16,11-Mar-16,04-Feb-16,Credit card
1481,A61,392620.1157,25-Mar-16,09-Apr-16,25-Mar-16,Credit card
1482,A62,208472.7379,25-Mar-16,09-Apr-16,31-Mar-16,Mobile carrier Billing
1483,A56,352152.1821,25-Mar-16,09-Apr-16,23-Mar-16,Prepaid card
1484,A57,94642.15091,25-Mar-14,09-Apr-14,19-Mar-14,Prepaid card
1485,A58,37200.97619,25-Mar-16,09-Apr-16,05-Mar-16,Mobile carrier Billing
1486,A59,453375.8522,25-Apr-15,10-May-15,04-Apr-15,Credit card
1487,A60,357260.1741,25-Apr-16,10-May-16,30-Apr-16,Mobile carrier Billing
1488,A61,186603.8159,25-Apr-14,10-May-14,25-Apr-14,Credit card
1489,A60,393925.2937,25-Apr-16,10-May-16,19-Apr-16,Credit card
1490,A61,483792.7242,25-Apr-14,10-May-14,06-Apr-14,Prepaid card
1491,A62,454753.1578,25-Apr-15,10-May-15,27-Apr-15,Mobile carrier Billing
1492,A63,176438.6796,25-May-14,09-Jun-14,05-May-14,Mobile carrier Billing
1493,A64,249673.9226,25-May-16,09-Jun-16,06-May-16,Credit card
1494,A65,303193.9899,25-May-15,09-Jun-15,07-May-15,Credit card
1495,A66,39110.93575,25-May-16,09-Jun-16,08-May-16,Credit card
1496,A67,201924.456,25-May-15,09-Jun-15,09-May-15,Mobile carrier Billing
1497,A68,258439.8243,25-May-16,09-Jun-16,10-May-16,Credit card
1498,A69,163578.7973,25-Jul-16,09-Aug-16,11-Jul-16,Credit card
1499,A70,442103.0822,25-Aug-15,09-Sep-15,12-Aug-15,Credit card
1500,A71,433869.347,25-Sep-14,10-Oct-14,13-Sep-14,Credit card
